AfghanistanA1,,11
AfghanistanA2,,13
AfghanistanB1/B2,,5
AfghanistanG1,,1
AfghanistanG2,,3
AfghanistanG4,,10
AfghanistanK1,,12
AlbaniaB1/B2,,414
AlbaniaC1/D,,7
AlbaniaE2,,1
AlbaniaF1,,6
AlbaniaF2,,1
AlbaniaG4,,6
AlbaniaK1,,26
AlbaniaNATO2,,2
AlgeriaA2,,16
AlgeriaB1/B2,,15
AlgeriaC1,,1
AlgeriaD,,3
AlgeriaF1,,1
AlgeriaG4,,6
AlgeriaJ1,,4
AlgeriaK1,,5
AlgeriaL1,,1
AlgeriaL2,,3
AndorraA1,,2
AngolaA1,,4
AngolaB1/B2,,19
AngolaC1/D,,8
AngolaF1,,4
AngolaG1,,1
AngolaG4,,1
Antigua and BarbudaB1,,1
Antigua and BarbudaB1/B2,,19
Antigua and BarbudaG4,,1
ArgentinaA1,,10
ArgentinaA2,,21
ArgentinaB1,,1
ArgentinaB1/B2,,379
ArgentinaC1,,1
ArgentinaC1/D,,46
ArgentinaC3,,10
ArgentinaE1,,1
ArgentinaE2,,10
ArgentinaF1,,19
ArgentinaF2,,5
ArgentinaG4,,9
ArgentinaH1B,,11
ArgentinaH2A,,40
ArgentinaH2B,,1
ArgentinaH4,,9
ArgentinaI,,1
ArgentinaJ1,,62
ArgentinaJ2,,11
ArgentinaK1,,12
ArgentinaL1,,25
ArgentinaL2,,43
ArgentinaM1,,7
ArgentinaO1,,13
ArgentinaO3,,17
ArgentinaP1,,18
ArgentinaP4,,19
ArgentinaR1,,2
ArgentinaR2,,5
ArmeniaA2,,1
ArmeniaB1/B2,,26
ArmeniaF1,,10
ArmeniaF2,,2
ArmeniaG4,,6
ArmeniaJ1,,2
ArmeniaK1,,20
ArmeniaK2,,1
ArmeniaM1,,1
AustraliaA1,,2
AustraliaA2,,148
AustraliaB1,,4
AustraliaB1/B2,,177
AustraliaB2,,1
AustraliaC1,,2
AustraliaC1/D,,44
AustraliaE2,,7
AustraliaE3,,164
AustraliaE3D,,84
AustraliaE3R,,61
AustraliaF1,,17
AustraliaG1,,3
AustraliaG2,,1
AustraliaG4,,6
AustraliaH1B,,10
AustraliaH2B,,1
AustraliaH4,,4
AustraliaI,,6
AustraliaJ1,,18
AustraliaJ2,,3
AustraliaK1,,41
AustraliaK2,,2
AustraliaL1,,23
AustraliaL2,,29
AustraliaM1,,2
AustraliaO1,,15
AustraliaO2,,1
AustraliaO3,,6
AustraliaP1,,14
AustraliaP4,,4
AustraliaR2,,6
AustriaA1,,3
AustriaA2,,3
AustriaB1/B2,,178
AustriaC1/D,,7
AustriaE1,,2
AustriaE2,,30
AustriaF1,,9
AustriaF2,,1
AustriaG4,,1
AustriaH1B,,3
AustriaI,,1
AustriaJ1,,36
AustriaJ2,,2
AustriaK1,,1
AustriaL1,,14
AustriaL2,,3
AustriaM1,,3
AustriaO1,,2
AustriaO3,,1
AzerbaijanA1,,2
AzerbaijanB1,,3
AzerbaijanB1/B2,,9
AzerbaijanC1/D,,26
AzerbaijanE2,,2
AzerbaijanF1,,7
AzerbaijanG1,,3
AzerbaijanG2,,1
AzerbaijanG4,,4
AzerbaijanH4,,2
AzerbaijanJ2,,1
AzerbaijanO1,,1
AzerbaijanP1,,1
"Bahamas, TheA1",,3
"Bahamas, TheA2",,2
"Bahamas, TheB1/B2",,503
"Bahamas, TheC1",,1
"Bahamas, TheC1/D",,8
"Bahamas, TheC3",,4
"Bahamas, TheF1",,17
"Bahamas, TheF2",,1
"Bahamas, TheG4",,1
"Bahamas, TheH1B",,2
"Bahamas, TheM1",,5
"Bahamas, TheO1",,1
"Bahamas, TheP1",,10
BahrainA1,,2
BahrainA2,,10
BahrainB1,,2
BahrainB1/B2,,86
BahrainB2,,2
BahrainC1/D,,6
BahrainF1,,7
BangladeshA2,,22
BangladeshA3,,2
BangladeshB1,,5
BangladeshB1/B2,,407
BangladeshC1,,2
BangladeshC1/D,,80
BangladeshE2,,2
BangladeshE3D,,1
BangladeshF1,,37
BangladeshF2,,50
BangladeshG1,,6
BangladeshG4,,13
BangladeshH1B,,6
BangladeshH4,,3
BangladeshJ1,,9
BangladeshJ2,,15
BangladeshK1,,1
BangladeshL1,,1
BangladeshO1,,1
BarbadosB1/B2,,14
BarbadosF1,,1
BarbadosG4,,2
BarbadosM1,,1
BelarusB1/B2,,42
BelarusC1/D,,22
BelarusF1,,9
BelarusG1,,2
BelarusG4,,2
BelarusH1B,,1
BelarusH4,,1
BelarusJ1,,2
BelarusK1,,2
BelarusL1,,1
BelarusL2,,2
BelarusP1,,1
BelgiumA1,,2
BelgiumA2,,1
BelgiumB1,,2
BelgiumB1/B2,,21
BelgiumB2,,1
BelgiumC1/D,,37
BelgiumE1,,4
BelgiumE2,,15
BelgiumF1,,14
BelgiumG1,,1
BelgiumG4,,3
BelgiumH1B,,2
BelgiumH4,,1
BelgiumI,,1
BelgiumJ1,,8
BelgiumK1,,2
BelgiumL1,,5
BelgiumL2,,6
BelgiumNATO2,,10
BelgiumNATO6,,2
BelgiumO1,,8
BelgiumO2,,4
BelgiumO3,,1
BelgiumP4,,2
BelizeA1,,2
BelizeA2,,4
BelizeB1/B2,,87
BelizeC1,,12
BelizeC1/D,,1
BelizeC3,,1
BelizeF1,,3
BelizeH1B,,1
BelizeH2A,,4
BelizeH3,,1
BelizeK1,,1
BelizeM1,,1
BelizeR1,,1
BelizeR2,,1
BeninB1/B2,,2
BeninF1,,6
BeninG1,,1
BeninG4,,1
BermudaB1/B2,,7
BermudaC1/D,,5
BhutanB1/B2,,1
BhutanF1,,1
BhutanG1,,2
BhutanJ1,,1
BhutanJ2,,1
BoliviaB1/B2,,59
BoliviaC1/D,,1
BoliviaC3,,2
BoliviaF1,,4
BoliviaG4,,18
BoliviaH1B,,1
BoliviaJ1,,1
BoliviaO1,,1
Bosnia-HerzegovinaA1,,2
Bosnia-HerzegovinaA2,,3
Bosnia-HerzegovinaB1,,4
Bosnia-HerzegovinaB1/B2,,22
Bosnia-HerzegovinaC1/D,,35
Bosnia-HerzegovinaG4,,5
Bosnia-HerzegovinaJ1,,1
Bosnia-HerzegovinaK1,,8
Bosnia-HerzegovinaK2,,1
Bosnia-HerzegovinaL1,,2
BotswanaC1,,2
BotswanaF1,,5
BotswanaG1,,1
BotswanaH2A,,1
BotswanaM1,,1
BotswanaP1,,1
BrazilA1,,14
BrazilA2,,106
BrazilB1,,2
BrazilB1/B2,,116
BrazilC1,,4
BrazilC1/D,,105
BrazilC3,,13
BrazilE2,,3
BrazilF1,,87
BrazilF2,,19
BrazilG1,,2
BrazilG2,,1
BrazilG4,,33
BrazilH1B,,22
BrazilH2A,,1
BrazilH2B,,1
BrazilH4,,12
BrazilJ1,,192
BrazilJ2,,20
BrazilK1,,3
BrazilK2,,2
BrazilL1,,33
BrazilL2,,59
BrazilO1,,16
BrazilO3,,3
BrazilP1,,20
BrazilP4,,3
BrazilR1,,1
British National Overseas (Hong Kong) PassportB1/B2,,100
British National Overseas (Hong Kong) PassportF1,,1
British National Overseas (Hong Kong) PassportH1B,,1
British National Overseas (Hong Kong) PassportL1,,1
BulgariaB1,,1
BulgariaB1/B2,,79
BulgariaC1/D,,41
BulgariaF1,,2
BulgariaF2,,1
BulgariaG4,,7
BulgariaH2B,,21
BulgariaJ1,,2
BulgariaK1,,1
BulgariaL1,,2
BulgariaNATO2,,2
Burkina FasoA2,,3
Burkina FasoB1/B2,,9
Burkina FasoF1,,4
Burkina FasoJ1,,1
Burkina FasoK1,,1
BurmaA1,,2
BurmaB1/B2,,7
BurmaC1,,1
BurmaD,,33
BurmaF1,,5
BurmaG1,,6
BurmaG4,,1
BurmaK1,,6
BurmaK2,,3
BurundiB1/B2,,1
BurundiF1,,2
BurundiG1,,1
BurundiG4,,7
BurundiK1,,3
Cabo VerdeB1/B2,,1
Cabo VerdeC1/D,,2
Cabo VerdeG4,,1
Cabo VerdeM1,,1
CambodiaA2,,2
CambodiaB1/B2,,21
CambodiaC1,,2
CambodiaD,,2
CambodiaF1,,4
Page 8 of 57,,
February 2021 (FY 2021),,
NationalityVisa Class,,Issuances
CambodiaG1,,3
CambodiaJ1,,1
CambodiaK1,,5
CambodiaK2,,1
CambodiaM1,,1
CambodiaR1,,3
CameroonA1,,4
CameroonA2,,4
CameroonB1/B2,,10
CameroonC1/D,,1
CameroonF1,,11
CameroonG1,,3
CameroonG4,,2
CameroonH1B,,3
CameroonJ1,,3
CameroonJ2,,2
CameroonK1,,9
CameroonK2,,2
CameroonP1,,3
CanadaA1,,1
CanadaA2,,6
CanadaB1/B2,,1
CanadaC1/D,,1
CanadaE1,,20
CanadaE2,,100
CanadaF1,,2
CanadaF2,,3
CanadaG1,,2
CanadaG4,,18
CanadaH2A,,3
CanadaH4,,5
CanadaJ1,,2
CanadaK1,,4
CanadaL1,,2
CanadaL2,,4
CanadaM1,,1
CanadaNATO2,,7
CanadaO3,,1
CanadaP1,,2
CanadaP4,,1
CanadaTD,,1
CanadaTN,,1
Cayman IslandsB1/B2,,13
Cayman IslandsF1,,3
Central African RepublicA1,,1
ChadA2,,2
ChadB1/B2,,4
ChadC1,,1
ChileA1,,7
ChileA2,,3
ChileB1,,14
ChileB1/B2,,76
ChileC1/D,,37
ChileC3,,21
ChileE2,,15
ChileF1,,33
ChileF2,,13
ChileG1,,6
ChileG4,,2
ChileH1B,,5
ChileH1B1,,95
ChileH2A,,4
ChileH4,,64
ChileI,,4
ChileJ1,,20
ChileJ2,,8
ChileK1,,6
ChileL1,,10
ChileL2,,18
ChileM1,,2
ChileO1,,3
ChileO3,,2
ChileP1,,2
ChileR1,,3
ChileR2,,1
ChileTD,,1
China - mainlandA1,,7
China - mainlandA2,,8
China - mainlandA3,,2
China - mainlandB1,,9
China - mainlandB1/B2,,82
China - mainlandB2,,1
China - mainlandC1,,5
China - mainlandC1/D,,59
Page 10 of 57,,
February 2021 (FY 2021),,
NationalityVisa Class,,Issuances
China - mainlandC3,,2
China - mainlandE2,,2
China - mainlandE3D,,2
China - mainlandF1,,231
China - mainlandF2,,4
China - mainlandG1,,5
China - mainlandG4,,32
China - mainlandH1B,,140
China - mainlandH4,,33
China - mainlandJ1,,70
China - mainlandJ2,,9
China - mainlandK1,,18
China - mainlandK2,,1
China - mainlandL1,,18
China - mainlandL2,,13
China - mainlandM1,,1
China - mainlandO1,,6
China - mainlandO3,,4
China - mainlandP1,,1
China - mainlandR2,,1
China - TaiwanB1/B2,,86
China - TaiwanC1/D,,94
China - TaiwanE1,,18
China - TaiwanE2,,35
China - TaiwanF1,,58
China - TaiwanF2,,9
China - TaiwanG4,,1
China - TaiwanH1B,,69
China - TaiwanH4,,14
China - TaiwanJ1,,16
China - TaiwanJ2,,6
China - TaiwanK1,,5
China - TaiwanL1,,16
China - TaiwanL2,,23
China - TaiwanM1,,3
China - TaiwanO1,,4
China - TaiwanO3,,1
China - TaiwanP1,,2
China - TaiwanR1,,1
ColombiaA1,,13
ColombiaA2,,100
ColombiaB1,,2
Page 11 of 57,,
February 2021 (FY 2021),,
NationalityVisa Class,,Issuances
ColombiaB1/B2,,765
ColombiaC1,,20
ColombiaC1/D,,51
ColombiaE2,,9
ColombiaF1,,36
ColombiaF2,,1
ColombiaG1,,1
ColombiaG4,,19
ColombiaH1B,,7
ColombiaH2A,,1
ColombiaH4,,7
ColombiaJ1,,387
ColombiaJ2,,8
ColombiaK1,,34
ColombiaK2,,19
ColombiaL1,,12
ColombiaL2,,18
ColombiaM1,,2
ColombiaO1,,8
ColombiaP1,,23
ColombiaP4,,6
ColombiaR1,,4
ColombiaTD,,1
"Congo, Democratic Republic of theA2",,5
"Congo, Democratic Republic of theB1/B2",,46
"Congo, Democratic Republic of theC1",,1
"Congo, Democratic Republic of theF1",,18
"Congo, Democratic Republic of theG4",,16
"Congo, Democratic Republic of theP1",,1
"Congo, Republic of theB2",,1
"Congo, Republic of theC1",,1
"Congo, Republic of theG1",,1
"Congo, Republic of theG4",,1
Costa RicaA2,,1
Costa RicaB1/B2,,"1,625"
Costa RicaC1/D,,6
Costa RicaF1,,14
Costa RicaF2,,1
Costa RicaG1,,2
Costa RicaG4,,1
Costa RicaH1B,,1
Costa RicaH2A,,29
Page 12 of 57,,
February 2021 (FY 2021),,
NationalityVisa Class,,Issuances
Costa RicaH2B,,7
Costa RicaH3,,9
Costa RicaJ1,,6
Costa RicaK2,,2
Costa RicaL1,,4
Costa RicaL2,,8
Costa RicaO1,,1
Costa RicaTD,,1
Cote d'IvoireA1,,1
Cote d'IvoireA3,,1
Cote d'IvoireB1/B2,,7
Cote d'IvoireF1,,6
Cote d'IvoireG4,,2
Cote d'IvoireH1B,,2
Cote d'IvoireJ1,,1
Cote d'IvoireK1,,1
Cote d'IvoireL1,,1
CroatiaB1,,16
CroatiaB1/B2,,47
CroatiaB2,,1
CroatiaC1/D,,49
CroatiaF1,,1
CroatiaG4,,2
CroatiaJ1,,5
CroatiaJ2,,2
CroatiaL1,,2
CroatiaL2,,3
CroatiaNATO2,,6
CroatiaO1,,1
CroatiaO3,,1
CubaA1,,9
CubaB1/B2,,18
CubaB2,,16
CubaC1,,1
CubaC1/D,,1
CubaG1,,20
CubaH1B,,1
CubaK1,,10
CubaL2,,1
CubaP1,,10
CyprusA1,,6
CyprusA2,,1
Page 13 of 57,,
February 2021 (FY 2021),,
NationalityVisa Class,,Issuances
CyprusB1/B2,,10
CyprusC1/D,,5
CyprusF1,,9
CyprusG1,,1
CyprusG2,,1
CyprusG4,,1
CyprusH1B,,1
CyprusJ1,,1
CyprusJ2,,1
CyprusL1,,1
CyprusM1,,1
Czech RepublicA2,,11
Czech RepublicB1,,31
Czech RepublicB1/B2,,4
Czech RepublicC1/D,,8
Czech RepublicE2,,6
Czech RepublicF1,,3
Czech RepublicF2,,2
Czech RepublicG1,,1
Czech RepublicG4,,2
Czech RepublicH1B,,1
Czech RepublicH2B,,1
Czech RepublicI,,2
Czech RepublicJ1,,21
Czech RepublicJ2,,10
Czech RepublicL1,,8
Czech RepublicL2,,4
Czech RepublicM1,,2
Czech RepublicNATO2,,7
Czech RepublicP1,,1
DenmarkA2,,6
DenmarkB1,,3
DenmarkB1/B2,,1
DenmarkC1/D,,18
DenmarkE1,,5
DenmarkE2,,6
DenmarkE3D,,1
DenmarkF1,,2
DenmarkG1,,2
DenmarkG3,,1
DenmarkG4,,11
DenmarkH1B,,3
Page 14 of 57,,
February 2021 (FY 2021),,
NationalityVisa Class,,Issuances
DenmarkH2A,,1
DenmarkI,,3
DenmarkJ1,,11
DenmarkJ2,,2
DenmarkL1,,11
DenmarkL2,,3
DenmarkNATO2,,25
DenmarkO1,,5
DenmarkO3,,3
DenmarkP1,,4
DjiboutiA2,,1
DjiboutiB1,,1
DominicaB1/B2,,21
Dominican RepublicA1,,21
Dominican RepublicA2,,14
Dominican RepublicB1,,3
Dominican RepublicB1/B2,,"4,930"
Dominican RepublicC1,,5
Dominican RepublicC1/D,,14
Dominican RepublicC3,,2
Dominican RepublicF1,,40
Dominican RepublicF2,,4
Dominican RepublicG4,,3
Dominican RepublicH1B,,1
Dominican RepublicH4,,3
Dominican RepublicI,,6
Dominican RepublicJ1,,2
Dominican RepublicK1,,77
Dominican RepublicK2,,28
Dominican RepublicM1,,1
Dominican RepublicO1,,1
Dominican RepublicP1,,279
Dominican RepublicP4,,32
EcuadorA1,,5
EcuadorA2,,24
EcuadorB1,,1
EcuadorB1/B2,,"7,464"
EcuadorC1,,2
EcuadorC1/D,,7
EcuadorF1,,40
EcuadorG4,,8
EcuadorH1B,,7
Page 15 of 57,,
February 2021 (FY 2021),,
NationalityVisa Class,,Issuances
EcuadorH4,,3
EcuadorJ1,,228
EcuadorK1,,7
EcuadorL1,,2
EcuadorL2,,4
EcuadorM1,,1
EcuadorO1,,2
EcuadorP1,,1
EcuadorR1,,2
EcuadorR2,,1
EgyptA1,,5
EgyptA2,,92
EgyptA3,,1
EgyptB1,,1
EgyptB1/B2,,551
EgyptB2,,1
EgyptC1/D,,43
EgyptE2,,2
EgyptF1,,37
EgyptF2,,11
EgyptG1,,2
EgyptG4,,3
EgyptH1B,,7
EgyptH2A,,20
EgyptH4,,9
EgyptJ1,,19
EgyptJ2,,14
EgyptK1,,3
EgyptL1,,3
EgyptL2,,3
EgyptM1,,1
EgyptO1,,3
EgyptP1,,1
EgyptR1,,2
EgyptR2,,7
El SalvadorA1,,1
El SalvadorA2,,48
El SalvadorB1,,2
El SalvadorB1/B2,,963
El SalvadorC1,,2
El SalvadorC1/D,,8
El SalvadorF1,,13
Page 16 of 57,,
February 2021 (FY 2021),,
NationalityVisa Class,,Issuances
El SalvadorG4,,2
El SalvadorG5,,1
El SalvadorH1B,,1
El SalvadorH2A,,62
El SalvadorH2B,,14
El SalvadorJ1,,15
El SalvadorK1,,15
El SalvadorK2,,6
El SalvadorM1,,1
El SalvadorP1,,4
El SalvadorR1,,2
El SalvadorR2,,1
El SalvadorU3,,15
El SalvadorU5,,1
Equatorial GuineaA1,,2
Equatorial GuineaB1/B2,,2
Equatorial GuineaF1,,1
Equatorial GuineaG1,,5
Equatorial GuineaK1,,1
EritreaB1/B2,,6
EritreaF1,,2
EritreaG4,,2
EritreaK1,,5
EstoniaA1,,1
EstoniaA2,,2
EstoniaB1/B2,,7
EstoniaC1/D,,10
EstoniaE1,,1
EstoniaF1,,1
EstoniaG4,,1
EstoniaJ1,,1
EstoniaO1,,1
EstoniaP1,,1
EswatiniF1,,1
EthiopiaA1,,24
EthiopiaA2,,7
EthiopiaB1,,4
EthiopiaB1/B2,,924
EthiopiaC1,,1
EthiopiaC1/D,,65
EthiopiaD,,7
EthiopiaF1,,40
Page 17 of 57,,
February 2021 (FY 2021),,
NationalityVisa Class,,Issuances
EthiopiaG1,,6
EthiopiaG4,,15
EthiopiaH1B,,4
EthiopiaH4,,1
EthiopiaJ1,,4
EthiopiaK1,,24
EthiopiaK2,,2
EthiopiaP1,,1
FijiB1/B2,,6
FijiC1,,6
FijiC1/D,,17
FijiG4,,1
FijiJ1,,1
FinlandA2,,6
FinlandB2,,3
FinlandC1/D,,19
FinlandE2,,7
FinlandF1,,2
FinlandG1,,2
FinlandG4,,3
FinlandH1B,,1
FinlandI,,1
FinlandJ1,,8
FinlandJ2,,2
FinlandL1,,9
FinlandL2,,6
FinlandO1,,1
FinlandP1,,2
FinlandP4,,1
FranceA1,,3
FranceA2,,16
FranceB1,,3
FranceB1/B2,,42
FranceB2,,1
FranceC1,,5
FranceC1/D,,61
FranceC3,,5
FranceE1,,6
FranceE2,,54
FranceF1,,43
FranceF2,,1
FranceG1,,1
Page 18 of 57,,
February 2021 (FY 2021),,
NationalityVisa Class,,Issuances
FranceG4,,25
FranceH1B,,14
FranceI,,20
FranceJ1,,55
FranceJ2,,10
FranceK1,,3
FranceL1,,49
FranceL2,,68
FranceM1,,1
FranceNATO2,,21
FranceNATO6,,1
FranceO1,,14
FranceO3,,2
FranceP1,,8
FranceP4,,1
FranceTD,,1
GabonA1,,3
GabonA2,,7
GabonH4,,1
"Gambia, TheA1",,1
"Gambia, TheB1/B2",,2
"Gambia, TheF1",,1
"Gambia, TheG4",,5
"Gambia, TheJ1",,1
"Gambia, TheK1",,5
GeorgiaA1,,1
GeorgiaA2,,8
GeorgiaB1,,1
GeorgiaC1/D,,38
GeorgiaG4,,1
GeorgiaI,,1
GeorgiaJ1,,2
GeorgiaJ2,,3
GermanyA1,,18
GermanyA2,,16
GermanyB1/B2,,51
GermanyC1/D,,124
GermanyE1,,53
GermanyE2,,89
GermanyF1,,64
GermanyF2,,1
GermanyG1,,7
Page 19 of 57,,
February 2021 (FY 2021),,
NationalityVisa Class,,Issuances
GermanyG4,,7
GermanyH1B,,16
GermanyH4,,9
GermanyI,,14
GermanyJ1,,185
GermanyJ2,,17
GermanyK1,,7
GermanyK2,,2
GermanyL1,,49
GermanyL2,,33
GermanyM1,,7
GermanyNATO2,,35
GermanyNATO6,,14
GermanyO1,,8
GermanyO2,,2
GermanyP1,,4
GhanaB1/B2,,20
GhanaC1/D,,8
GhanaF1,,10
GhanaG1,,4
GhanaG4,,7
GhanaH1B,,2
GhanaJ1,,3
GhanaK1,,11
GhanaK2,,2
GhanaL2,,1
GhanaP1,,3
GhanaR1,,6
Great Britain and Northern IrelandA1,,6
Great Britain and Northern IrelandA2,,105
Great Britain and Northern IrelandA3,,1
Great Britain and Northern IrelandB1,,52
Great Britain and Northern IrelandB1/B2,,68
Great Britain and Northern IrelandB2,,1
Great Britain and Northern IrelandC1/D,,204
Great Britain and Northern IrelandC3,,17
Great Britain and Northern IrelandE2,,39
Great Britain and Northern IrelandE3D,,2
Great Britain and Northern IrelandF1,,32
Great Britain and Northern IrelandG1,,2
Great Britain and Northern IrelandG2,,1
Great Britain and Northern IrelandG3,,1
Page 20 of 57,,
February 2021 (FY 2021),,
NationalityVisa Class,,Issuances
Great Britain and Northern IrelandG4,,24
Great Britain and Northern IrelandH1B,,12
Great Britain and Northern IrelandH2A,,4
Great Britain and Northern IrelandH4,,10
Great Britain and Northern IrelandI,,11
Great Britain and Northern IrelandJ1,,32
Great Britain and Northern IrelandJ2,,15
Great Britain and Northern IrelandK1,,7
Great Britain and Northern IrelandL1,,43
Great Britain and Northern IrelandL2,,44
Great Britain and Northern IrelandM1,,19
Great Britain and Northern IrelandNATO2,,28
Great Britain and Northern IrelandNATO4,,2
Great Britain and Northern IrelandNATO6,,1
Great Britain and Northern IrelandO1,,39
Great Britain and Northern IrelandO2,,4
Great Britain and Northern IrelandO3,,12
Great Britain and Northern IrelandP1,,23
Great Britain and Northern IrelandP4,,11
Great Britain and Northern IrelandR1,,2
GreeceA2,,1
GreeceA3,,1
GreeceB1,,8
GreeceB1/B2,,11
GreeceC1/D,,80
GreeceE1,,2
GreeceF1,,6
GreeceG1,,7
GreeceG2,,1
GreeceH1B,,5
GreeceH2B,,4
GreeceH4,,1
GreeceJ1,,12
GreeceJ2,,1
GreeceK1,,1
GreeceK2,,1
GreeceL1,,5
GreeceL2,,1
GreeceNATO2,,4
GreeceO1,,2
GreeceO3,,1
GrenadaB1/B2,,20
Page 21 of 57,,
February 2021 (FY 2021),,
NationalityVisa Class,,Issuances
GrenadaG1,,1
GrenadaG4,,1
GuatemalaA1,,7
GuatemalaA2,,7
GuatemalaB1/B2,,"1,843"
GuatemalaC1/D,,7
GuatemalaC3,,5
GuatemalaF1,,7
GuatemalaG4,,3
GuatemalaH2A,,234
GuatemalaH2B,,145
GuatemalaJ1,,4
GuatemalaJ2,,1
GuatemalaK1,,2
GuatemalaL1,,3
GuatemalaL2,,7
GuatemalaT3,,4
GuatemalaT4,,1
GuineaA2,,1
GuineaB1/B2,,2
GuineaG2,,1
GuineaG4,,3
GuineaK1,,6
GuyanaA2,,1
GuyanaB1/B2,,29
GuyanaC1,,1
GuyanaC1/D,,5
GuyanaC3,,1
GuyanaF1,,1
GuyanaJ1,,1
GuyanaK1,,1
GuyanaK2,,1
GuyanaL1,,1
GuyanaL2,,1
GuyanaM1,,1
HaitiA1,,4
HaitiA2,,6
HaitiB1/B2,,159
HaitiC1,,2
HaitiC3,,21
HaitiF1,,12
HaitiG4,,3
Page 22 of 57,,
February 2021 (FY 2021),,
NationalityVisa Class,,Issuances
HaitiK1,,48
HaitiK2,,12
HaitiTD,,1
HondurasA2,,22
HondurasB1,,1
HondurasB1/B2,,"1,699"
HondurasC1,,2
HondurasC1/D,,82
HondurasC3,,2
HondurasE2,,3
HondurasF1,,17
HondurasF2,,3
HondurasG1,,2
HondurasG4,,2
HondurasH1B,,3
HondurasH2A,,27
HondurasH2B,,26
HondurasI,,3
HondurasJ1,,6
HondurasJ2,,5
HondurasK1,,6
HondurasK2,,1
HondurasL1,,2
HondurasL2,,1
HondurasM1,,1
HondurasP1,,1
HondurasR2,,1
HondurasT3,,6
HondurasT4,,1
HondurasT5,,2
HondurasU1,,1
HondurasU3,,21
Hong Kong S.A.R.B1/B2,,500
Hong Kong S.A.R.C1/D,,15
Hong Kong S.A.R.CW1,,1
Hong Kong S.A.R.F1,,24
Hong Kong S.A.R.H1B,,1
Hong Kong S.A.R.H4,,1
Hong Kong S.A.R.J1,,4
Hong Kong S.A.R.L1,,2
Hong Kong S.A.R.L2,,6
Hong Kong S.A.R.R1,,1
Page 23 of 57,,
February 2021 (FY 2021),,
NationalityVisa Class,,Issuances
HungaryA2,,10
HungaryB1,,1
HungaryB1/B2,,8
HungaryC1/D,,5
HungaryF1,,1
HungaryF2,,2
HungaryG1,,1
HungaryG4,,1
HungaryH1B,,1
HungaryJ1,,14
HungaryJ2,,6
HungaryK1,,3
HungaryL1,,3
HungaryL2,,2
HungaryNATO2,,4
HungaryO1,,1
HungaryO3,,3
IcelandA2,,2
IcelandC1/D,,8
IcelandF2,,1
IcelandG4,,2
IcelandH1B,,1
IcelandJ2,,1
IcelandL1,,1
IcelandM1,,2
IndiaA1,,8
IndiaA2,,6
IndiaA3,,11
IndiaB1,,56
IndiaB1/B2,,"11,191"
IndiaB2,,7
IndiaC1,,42
IndiaC1/D,,"1,769"
IndiaC3,,16
IndiaD,,1
IndiaE3D,,8
IndiaF1,,738
IndiaF2,,225
IndiaG4,,47
IndiaH1B,,"6,525"
IndiaH3,,1
IndiaH4,,"6,997"
Page 24 of 57,,
February 2021 (FY 2021),,
NationalityVisa Class,,Issuances
IndiaI,,2
IndiaJ1,,312
IndiaJ2,,170
IndiaK1,,85
IndiaK2,,10
IndiaL1,,615
IndiaL2,,"1,115"
IndiaM1,,49
IndiaM2,,1
IndiaO1,,50
IndiaO2,,5
IndiaO3,,25
IndiaP1,,1
IndiaP4,,1
IndiaR1,,74
IndiaR2,,39
IndiaT3,,1
IndiaTD,,2
IndiaU1,,3
IndiaU2,,1
IndiaU3,,4
IndonesiaA1,,11
IndonesiaA2,,62
IndonesiaB1,,17
IndonesiaB1/B2,,854
IndonesiaC1,,2
IndonesiaC1/D,,599
IndonesiaE2,,2
IndonesiaF1,,29
IndonesiaF2,,2
IndonesiaG1,,1
IndonesiaG2,,4
IndonesiaG4,,12
IndonesiaH1B,,5
IndonesiaH4,,1
IndonesiaJ1,,13
IndonesiaJ2,,6
IndonesiaK1,,41
IndonesiaK2,,2
IndonesiaL1,,4
IndonesiaL2,,1
IndonesiaM1,,3
Page 25 of 57,,
February 2021 (FY 2021),,
NationalityVisa Class,,Issuances
IndonesiaO1,,2
IndonesiaO2,,1
IndonesiaP1,,1
IndonesiaR1,,1
IndonesiaR2,,2
IndonesiaTD,,1
IranB1/B2,,9
IranF1,,36
IranF2,,4
IranG1,,10
IranG4,,12
IranH1B,,1
IranJ1,,18
IranJ2,,8
IranK1,,11
IranK2,,1
IranO1,,1
IranTD,,1
IraqA1,,15
IraqA2,,1
IraqB1/B2,,33
IraqC1,,1
IraqF1,,2
IraqF2,,5
IraqG1,,1
IraqG4,,2
IraqJ1,,3
IraqJ2,,1
IraqK1,,11
IrelandA2,,12
IrelandB1,,2
IrelandB1/B2,,4
IrelandC1/D,,58
IrelandE3D,,1
IrelandF1,,3
IrelandG1,,2
IrelandG4,,1
IrelandH1B,,3
IrelandH2A,,2
IrelandH4,,3
IrelandJ1,,5
IrelandL1,,9
Page 26 of 57,,
February 2021 (FY 2021),,
NationalityVisa Class,,Issuances
IrelandL2,,10
IrelandM1,,1
IrelandO1,,2
IrelandO2,,1
IrelandP1,,7
IrelandR1,,1
IsraelA1,,7
IsraelA2,,110
IsraelB1/B2,,"1,689"
IsraelB2,,3
IsraelC1,,2
IsraelC1/D,,14
IsraelC3,,4
IsraelE1,,11
IsraelE2,,8
IsraelF1,,15
IsraelF2,,2
IsraelG1,,1
IsraelG4,,2
IsraelH1B,,3
IsraelJ1,,23
IsraelJ2,,27
IsraelK1,,1
IsraelL1,,16
IsraelL2,,29
IsraelM1,,3
IsraelO1,,8
IsraelO3,,10
IsraelP1,,2
IsraelU1,,1
ItalyA1,,9
ItalyA2,,8
ItalyB1,,126
ItalyB1/B2,,37
ItalyC1/D,,113
ItalyC3,,2
ItalyE1,,13
ItalyE2,,56
ItalyF1,,57
ItalyF2,,3
ItalyG1,,2
ItalyG4,,17
Page 27 of 57,,
February 2021 (FY 2021),,
NationalityVisa Class,,Issuances
ItalyH1B,,8
ItalyH2A,,1
ItalyH4,,2
ItalyI,,5
ItalyJ1,,90
ItalyJ2,,12
ItalyK1,,10
ItalyL1,,21
ItalyL2,,13
ItalyM1,,3
ItalyNATO2,,47
ItalyO1,,6
ItalyO2,,2
ItalyO3,,3
ItalyP1,,5
ItalyP4,,1
JamaicaA2,,10
JamaicaB1,,8
JamaicaB1/B2,,375
JamaicaB2,,2
JamaicaC1,,4
JamaicaC1/D,,38
JamaicaC3,,3
JamaicaF1,,9
JamaicaG4,,1
JamaicaH2A,,248
JamaicaH2B,,288
JamaicaH4,,1
JamaicaJ1,,1
JamaicaJ2,,1
JamaicaK1,,13
JamaicaK2,,1
JamaicaP1,,1
JapanA1,,8
JapanA2,,46
JapanB1,,9
JapanB1/B2,,78
JapanC1/D,,204
JapanC3,,17
JapanE1,,79
JapanE2,,"1,078"
JapanE3D,,1
Page 28 of 57,,
February 2021 (FY 2021),,
NationalityVisa Class,,Issuances
JapanF1,,204
JapanF2,,18
JapanG1,,2
JapanG4,,21
JapanH1B,,5
JapanH4,,5
JapanI,,38
JapanJ1,,84
JapanJ2,,82
JapanK1,,22
JapanK2,,2
JapanL1,,100
JapanL2,,132
JapanM1,,29
JapanO1,,10
JapanO3,,5
JapanP1,,14
JapanP4,,3
JapanR1,,6
JapanR2,,2
JapanTD,,1
JordanA1,,1
JordanA2,,119
JordanA3,,1
JordanB1/B2,,137
JordanB2,,1
JordanC1/D,,10
JordanF1,,51
JordanF2,,5
JordanG4,,2
JordanH1B,,1
JordanH4,,5
JordanI,,1
JordanJ1,,8
JordanJ2,,6
JordanK1,,2
JordanL1,,2
JordanO1,,1
JordanO3,,2
KazakhstanA1,,3
KazakhstanA2,,4
KazakhstanB1/B2,,534
Page 29 of 57,,
February 2021 (FY 2021),,
NationalityVisa Class,,Issuances
KazakhstanB2,,2
KazakhstanC1,,6
KazakhstanD,,9
KazakhstanE2,,5
KazakhstanF1,,41
KazakhstanF2,,30
KazakhstanG1,,1
KazakhstanG4,,4
KazakhstanJ1,,8
KazakhstanJ2,,5
KazakhstanK1,,3
KazakhstanL1,,2
KazakhstanL2,,2
KazakhstanO1,,2
KazakhstanO3,,1
KazakhstanP1,,3
KenyaA2,,41
KenyaB1/B2,,33
KenyaC1/D,,5
KenyaF1,,44
KenyaF2,,11
KenyaG4,,30
KenyaH1B,,1
KenyaI,,1
KenyaJ1,,19
KenyaJ2,,9
KenyaK1,,14
KenyaK2,,4
KenyaM1,,1
KenyaP1,,1
"Korea, NorthG3",,7
"Korea, South A1",,34
"Korea, South A2",,44
"Korea, South B1",,1
"Korea, South B1/B2",,307
"Korea, South C1/D",,295
"Korea, South CW1",,8
"Korea, South E1",,8
"Korea, South E2",,233
"Korea, South F1",,174
"Korea, South F2",,40
"Korea, South G1",,4
Page 30 of 57,,
February 2021 (FY 2021),,
NationalityVisa Class,,Issuances
"Korea, South G4",,18
"Korea, South H1B",,58
"Korea, South H4",,27
"Korea, South I",,8
"Korea, South J1",,415
"Korea, South J2",,123
"Korea, South K1",,21
"Korea, South K2",,1
"Korea, South L1",,129
"Korea, South L2",,255
"Korea, South M1",,11
"Korea, South O1",,19
"Korea, South O2",,1
"Korea, South O3",,2
"Korea, South P1",,30
"Korea, South P4",,1
"Korea, South R1",,13
"Korea, South R2",,22
"Korea, South TD",,3
KosovoA2,,4
KosovoB1/B2,,23
KosovoF1,,1
KosovoG4,,4
KosovoJ1,,1
KosovoK1,,22
KuwaitA2,,4
KuwaitB1/B2,,159
KuwaitC1/D,,2
KuwaitF1,,53
KuwaitF2,,10
KyrgyzstanA1,,5
KyrgyzstanA2,,6
KyrgyzstanB1/B2,,2
KyrgyzstanC1,,1
KyrgyzstanF1,,10
KyrgyzstanG4,,9
KyrgyzstanJ1,,3
KyrgyzstanK1,,7
KyrgyzstanK2,,2
KyrgyzstanL1,,1
KyrgyzstanL2,,3
LaosA1,,2
Page 31 of 57,,
February 2021 (FY 2021),,
NationalityVisa Class,,Issuances
LaosF1,,1
LaosG1,,2
LaosG4,,1
LaosJ1,,1
LatviaB1,,1
LatviaB1/B2,,3
LatviaC1/D,,62
LatviaE2,,1
LatviaF1,,1
LatviaJ1,,2
LatviaJ2,,2
LatviaL2,,1
LatviaNATO2,,7
LebanonA2,,15
LebanonB1,,2
LebanonB1/B2,,281
LebanonC1/D,,7
LebanonE2,,1
LebanonF1,,6
LebanonG4,,5
LebanonH1B,,3
LebanonJ1,,4
LebanonJ2,,2
LebanonK1,,8
LebanonL1,,1
LebanonL2,,1
LebanonO1,,2
LebanonO3,,2
LebanonTD,,1
LiberiaA1,,13
LiberiaA2,,2
LiberiaB1/B2,,13
LiberiaF1,,2
LiberiaG1,,6
LiberiaG4,,1
LiberiaJ1,,2
LiberiaK1,,4
LiberiaK2,,1
LiberiaR2,,1
LibyaA1,,7
LibyaF1,,2
LibyaG1,,3
Page 32 of 57,,
February 2021 (FY 2021),,
NationalityVisa Class,,Issuances
LibyaG4,,1
LibyaH4,,1
LiechtensteinO3,,1
LithuaniaA2,,5
LithuaniaB1,,1
LithuaniaB1/B2,,1
LithuaniaC1/D,,7
LithuaniaE2,,3
LithuaniaF1,,1
LithuaniaJ1,,1
LithuaniaJ2,,3
LithuaniaK1,,3
LithuaniaL1,,1
LithuaniaO1,,1
LithuaniaO3,,1
LithuaniaP1,,1
LuxembourgC1/D,,3
LuxembourgK1,,1
LuxembourgO1,,1
Macau S.A.R.B1/B2,,1
MadagascarC1,,1
MadagascarD,,1
MadagascarF1,,1
MadagascarG4,,11
MadagascarH1B,,1
MadagascarK1,,1
MadagascarM1,,1
MalawiA2,,2
MalawiF1,,2
MalawiF2,,1
MalawiG1,,4
MalawiG2,,2
MalawiG4,,1
MalawiJ1,,3
MalaysiaA1,,11
MalaysiaA2,,11
MalaysiaB1,,2
MalaysiaB1/B2,,64
MalaysiaC1/D,,40
MalaysiaC3,,1
MalaysiaF1,,5
MalaysiaF2,,1
Page 33 of 57,,
February 2021 (FY 2021),,
NationalityVisa Class,,Issuances
MalaysiaG1,,1
MalaysiaG4,,4
MalaysiaH1B,,2
MalaysiaH4,,1
MalaysiaJ1,,6
MalaysiaJ2,,6
MalaysiaK1,,7
MalaysiaL1,,1
MalaysiaM1,,2
MaldivesA2,,2
MaldivesM1,,1
MaliB1/B2,,5
MaliF1,,5
MaliG1,,1
MaliH1B,,1
MaliK1,,2
MaliK2,,1
MaltaA2,,3
MaltaB1,,2
MaltaB1/B2,,2
MaltaC1/D,,1
MaltaG1,,1
Marshall IslandsB1/B2,,1
Marshall IslandsC1,,1
Marshall IslandsG1,,1
MauritaniaA1,,2
MauritaniaB1/B2,,5
MauritaniaG1,,3
MauritaniaG4,,1
MauritaniaG5,,1
MauritaniaH1B,,1
MauritaniaK1,,2
MauritiusB1/B2,,3
MauritiusBBBCC,,1
MauritiusC1/D,,52
MauritiusG4,,1
MauritiusJ1,,9
MauritiusR1,,1
MauritiusR2,,1
MexicoA1,,8
MexicoA2,,68
MexicoB1,,63
Page 34 of 57,,
February 2021 (FY 2021),,
NationalityVisa Class,,Issuances
MexicoB1/B2,,121
MexicoB2,,1
MexicoBBBCC,,"33,896"
MexicoBBBCV,,"2,322"
MexicoC1,,3
MexicoC1/D,,145
MexicoE1,,66
MexicoE2,,144
MexicoE3D,,1
MexicoF1,,117
MexicoF2,,13
MexicoG1,,4
MexicoG4,,21
MexicoH1B,,67
MexicoH2A,,"19,723"
MexicoH2B,,"2,636"
MexicoH3,,1
MexicoH4,,86
MexicoI,,27
MexicoJ1,,306
MexicoJ2,,7
MexicoK1,,39
MexicoK2,,7
MexicoL1,,108
MexicoL2,,115
MexicoM1,,14
MexicoO1,,40
MexicoO2,,76
MexicoO3,,8
MexicoP1,,205
MexicoP3,,5
MexicoP4,,7
MexicoR1,,11
MexicoR2,,1
MexicoTD,,495
MexicoTN,,"1,530"
MexicoU1,,9
MexicoU2,,5
MexicoU3,,42
MoldovaA2,,3
MoldovaB1,,1
MoldovaB1/B2,,6
Page 35 of 57,,
February 2021 (FY 2021),,
NationalityVisa Class,,Issuances
MoldovaC1/D,,3
MoldovaG4,,1
MoldovaH2A,,10
MoldovaJ1,,1
MoldovaL1,,1
MoldovaR1,,1
MonacoF1,,1
MongoliaB1/B2,,3
MongoliaF1,,8
MongoliaF2,,8
MongoliaH2A,,2
MongoliaJ1,,3
MongoliaJ2,,3
MongoliaM1,,1
MongoliaP1,,1
MontenegroA2,,3
MontenegroB1,,2
MontenegroB1/B2,,22
MontenegroC1/D,,105
MontenegroJ1,,5
MontenegroJ2,,1
MontenegroK1,,1
MoroccoA2,,43
MoroccoA3,,1
MoroccoB1,,2
MoroccoB1/B2,,271
MoroccoC1/D,,26
MoroccoE2,,3
MoroccoF1,,7
MoroccoG1,,1
MoroccoH4,,1
MoroccoI,,1
MoroccoJ1,,13
MoroccoJ2,,1
MoroccoK1,,40
MoroccoL2,,3
MoroccoM1,,1
MoroccoO1,,1
MoroccoP1,,1
MoroccoTD,,2
MozambiqueB1,,1
MozambiqueB1/B2,,1
Page 36 of 57,,
February 2021 (FY 2021),,
NationalityVisa Class,,Issuances
MozambiqueB2,,1
MozambiqueF1,,1
MozambiqueG4,,1
MozambiqueK1,,1
NamibiaA2,,1
NamibiaB1/B2,,2
NamibiaF1,,1
NamibiaF2,,1
NamibiaJ1,,3
NamibiaP1,,2
NepalA2,,4
NepalA3,,1
NepalB1,,5
NepalB1/B2,,513
NepalC1,,1
NepalC1/D,,6
NepalC3,,1
NepalE3D,,1
NepalF1,,37
NepalF2,,11
NepalG4,,2
NepalH1B,,6
NepalH4,,10
NepalJ1,,9
NepalJ2,,2
NepalK1,,29
NepalL1,,1
NepalM1,,1
NetherlandsA1,,6
NetherlandsA2,,6
NetherlandsB1/B2,,8
NetherlandsC1/D,,15
NetherlandsE2,,2
NetherlandsF1,,17
NetherlandsG1,,4
NetherlandsG4,,10
NetherlandsH1B,,1
NetherlandsH2A,,2
NetherlandsI,,4
NetherlandsJ1,,15
NetherlandsK1,,1
NetherlandsL1,,4
Page 37 of 57,,
February 2021 (FY 2021),,
NationalityVisa Class,,Issuances
NetherlandsL2,,7
NetherlandsNATO2,,19
NetherlandsO1,,2
NetherlandsP1,,9
NetherlandsP4,,1
New ZealandA2,,4
New ZealandB1,,2
New ZealandB1/B2,,52
New ZealandC1/D,,19
New ZealandC3,,3
New ZealandE1,,1
New ZealandE3D,,1
New ZealandF1,,5
New ZealandG4,,2
New ZealandH1B,,2
New ZealandH2A,,3
New ZealandJ1,,5
New ZealandJ2,,3
New ZealandK1,,5
New ZealandL1,,5
New ZealandL2,,6
New ZealandM1,,1
New ZealandO1,,8
New ZealandP1,,7
NicaraguaA1,,3
NicaraguaB1,,34
NicaraguaB1/B2,,140
NicaraguaC1,,4
NicaraguaC1/D,,25
NicaraguaC3,,1
NicaraguaF1,,3
NicaraguaH2A,,127
NicaraguaH2B,,3
NicaraguaH4,,1
NicaraguaJ1,,1
NicaraguaK1,,10
NicaraguaK2,,2
NicaraguaP1,,2
NicaraguaR1,,1
NicaraguaTD,,1
NigerA1,,5
NigerA2,,33
Page 38 of 57,,
February 2021 (FY 2021),,
NationalityVisa Class,,Issuances
NigerB1/B2,,4
NigerB2,,1
NigerF1,,4
NigerP1,,1
NigeriaA1,,6
NigeriaA2,,49
NigeriaB1,,2
NigeriaB1/B2,,"1,161"
NigeriaC1,,4
NigeriaC1/D,,4
NigeriaC3,,7
NigeriaF1,,58
NigeriaF2,,18
NigeriaG1,,7
NigeriaG4,,15
NigeriaH1B,,3
NigeriaH4,,4
NigeriaI,,1
NigeriaJ1,,11
NigeriaJ2,,6
NigeriaK1,,20
NigeriaK2,,1
NigeriaL1,,1
NigeriaM1,,5
NigeriaR1,,3
NigeriaT3,,2
*Non-Nationality Based IssuancesA2,,3
*Non-Nationality Based IssuancesB1/B2,,1
*Non-Nationality Based IssuancesC1/D,,19
*Non-Nationality Based IssuancesF1,,2
*Non-Nationality Based IssuancesG4,,2
*Non-Nationality Based IssuancesK1,,1
*Non-Nationality Based IssuancesR1,,3
North MacedoniaA2,,8
North MacedoniaB1,,1
North MacedoniaB1/B2,,12
North MacedoniaC1/D,,5
North MacedoniaF1,,1
North MacedoniaG4,,2
North MacedoniaH2B,,14
North MacedoniaJ1,,1
North MacedoniaK1,,2
Page 39 of 57,,
February 2021 (FY 2021),,
NationalityVisa Class,,Issuances
North MacedoniaO1,,1
North MacedoniaO2,,1
North MacedoniaR1,,1
North MacedoniaR2,,4
NorwayA1,,1
NorwayB1,,12
NorwayB1/B2,,5
NorwayC1/D,,39
NorwayE2,,4
NorwayF1,,5
NorwayG1,,7
NorwayJ1,,3
NorwayL2,,1
NorwayM1,,2
NorwayNATO2,,17
NorwayO1,,1
NorwayO2,,1
NorwayO3,,1
OmanA1,,4
OmanA2,,4
OmanB1,,2
OmanB1/B2,,56
OmanB2,,2
OmanC1/D,,8
OmanF1,,12
OmanF2,,1
PakistanA1,,3
PakistanA2,,68
PakistanA3,,1
PakistanB1,,4
PakistanB1/B2,,255
PakistanC1,,4
PakistanC1/D,,13
PakistanE2,,3
PakistanF1,,58
PakistanF2,,19
PakistanG1,,4
PakistanG2,,4
PakistanG4,,30
PakistanG5,,1
PakistanH1B,,38
PakistanH4,,40
Page 40 of 57,,
February 2021 (FY 2021),,
NationalityVisa Class,,Issuances
PakistanJ1,,59
PakistanJ2,,29
PakistanK1,,30
PakistanK2,,6
PakistanL1,,6
PakistanL2,,19
PakistanM1,,3
PakistanO1,,4
PakistanO3,,5
Palestinian Authority Travel DocumentB1,,1
Palestinian Authority Travel DocumentB1/B2,,74
Palestinian Authority Travel DocumentF1,,5
Palestinian Authority Travel DocumentI,,1
Palestinian Authority Travel DocumentK1,,3
Palestinian Authority Travel DocumentTD,,1
PanamaA1,,1
PanamaA2,,11
PanamaB1/B2,,505
PanamaC1/D,,48
PanamaC3,,2
PanamaE2,,4
PanamaF1,,9
PanamaG1,,1
PanamaG5,,1
PanamaH1B,,1
PanamaH2B,,2
PanamaH4,,1
PanamaJ1,,6
PanamaK1,,2
PanamaK2,,1
PanamaL1,,1
PanamaL2,,2
PanamaM1,,2
PanamaP1,,8
Papua New GuineaA2,,1
Papua New GuineaF1,,2
ParaguayA1,,2
ParaguayB1,,5
ParaguayB1/B2,,184
ParaguayF1,,5
ParaguayG1,,3
ParaguayG4,,2
Page 41 of 57,,
February 2021 (FY 2021),,
NationalityVisa Class,,Issuances
ParaguayJ1,,1
ParaguayK1,,1
ParaguayL2,,1
PeruA1,,7
PeruA2,,5
PeruB1,,2
PeruB1/B2,,"1,251"
PeruC1,,1
PeruC1/D,,41
PeruC3,,17
PeruE2,,2
PeruF1,,8
PeruF2,,2
PeruG1,,3
PeruG4,,12
PeruH1B,,5
PeruH2A,,86
PeruH2B,,2
PeruI,,1
PeruJ1,,3
PeruK1,,1
PeruK2,,1
PeruL1,,2
PeruO1,,1
PeruP1,,1
PhilippinesA1,,1
PhilippinesA2,,33
PhilippinesA3,,14
PhilippinesB1,,189
PhilippinesB1/B2,,"1,475"
PhilippinesB2,,1
PhilippinesC1,,70
PhilippinesC1/D,,"4,524"
PhilippinesCW1,,42
PhilippinesCW2,,12
PhilippinesE2,,2
PhilippinesF1,,15
PhilippinesG1,,6
PhilippinesG4,,8
PhilippinesH1B,,64
PhilippinesH2A,,2
PhilippinesH2B,,54
Page 42 of 57,,
February 2021 (FY 2021),,
NationalityVisa Class,,Issuances
PhilippinesH3,,1
PhilippinesH4,,21
PhilippinesJ1,,20
PhilippinesJ2,,70
PhilippinesK1,,64
PhilippinesK2,,27
PhilippinesL1,,5
PhilippinesL2,,9
PhilippinesM1,,3
PhilippinesR1,,3
PhilippinesT2,,4
PhilippinesT3,,6
PolandA1,,4
PolandA2,,3
PolandB1,,5
PolandB1/B2,,74
PolandC1/D,,139
PolandC3,,1
PolandE2,,2
PolandF1,,11
PolandG1,,2
PolandG4,,1
PolandH1B,,4
PolandH2B,,12
PolandI,,1
PolandJ1,,18
PolandJ2,,10
PolandL1,,12
PolandL2,,13
PolandM1,,2
PolandNATO2,,5
PolandO1,,2
PolandP1,,2
PortugalA2,,1
PortugalB1,,1
PortugalB1/B2,,4
PortugalC1/D,,36
PortugalE2,,1
PortugalF1,,3
PortugalG4,,2
PortugalJ1,,10
PortugalJ2,,3
Page 43 of 57,,
February 2021 (FY 2021),,
NationalityVisa Class,,Issuances
PortugalL1,,2
PortugalL2,,1
PortugalNATO2,,3
PortugalO1,,1
PortugalO3,,1
QatarA1,,7
QatarA2,,51
QatarA3,,2
QatarB1/B2,,227
QatarC1/D,,3
QatarF1,,5
QatarG1,,5
QatarJ1,,1
RomaniaB1,,25
RomaniaB1/B2,,205
RomaniaC1,,2
RomaniaC1/D,,294
RomaniaE2,,1
RomaniaF1,,4
RomaniaG4,,2
RomaniaH2A,,25
RomaniaH2B,,40
RomaniaJ1,,8
RomaniaK1,,18
RomaniaK2,,3
RomaniaL1,,3
RomaniaL2,,1
RomaniaNATO2,,5
RomaniaO1,,1
RussiaA1,,6
RussiaA2,,21
RussiaB1,,6
RussiaB1/B2,,285
RussiaB2,,2
RussiaC1/D,,790
RussiaE1,,1
RussiaE2,,3
RussiaE3D,,2
RussiaF1,,133
RussiaF2,,10
RussiaG1,,38
RussiaG4,,26
Page 44 of 57,,
February 2021 (FY 2021),,
NationalityVisa Class,,Issuances
RussiaH1B,,4
RussiaH4,,2
RussiaJ1,,7
RussiaJ2,,6
RussiaK1,,10
RussiaK2,,3
RussiaL1,,2
RussiaL2,,5
RussiaM1,,1
RussiaO1,,9
RussiaO2,,1
RussiaO3,,7
RussiaP1,,12
RussiaTD,,4
RwandaA1,,4
RwandaA2,,2
RwandaB1/B2,,2
RwandaF1,,6
RwandaG4,,1
RwandaK1,,3
Saint Kitts and NevisB1,,1
Saint Kitts and NevisB1/B2,,27
Saint Kitts and NevisG4,,2
Saint LuciaB1/B2,,29
Saint LuciaC1/D,,1
Saint LuciaF1,,1
Saint LuciaG1,,1
Saint LuciaG4,,1
Saint Vincent and the GrenadinesB1/B2,,19
Saint Vincent and the GrenadinesG1,,1
Saint Vincent and the GrenadinesK1,,1
Saint Vincent and the GrenadinesK2,,1
SamoaB1/B2,,21
SamoaG1,,5
Saudi ArabiaA1,,60
Saudi ArabiaA2,,228
Saudi ArabiaB1/B2,,326
Saudi ArabiaB2,,4
Saudi ArabiaD,,64
Saudi ArabiaF1,,232
Saudi ArabiaF2,,143
Saudi ArabiaG1,,5
Page 45 of 57,,
February 2021 (FY 2021),,
NationalityVisa Class,,Issuances
Saudi ArabiaG4,,2
Saudi ArabiaH1B,,4
Saudi ArabiaH4,,4
Saudi ArabiaJ1,,13
Saudi ArabiaJ2,,14
Saudi ArabiaK1,,1
Saudi ArabiaL1,,2
Saudi ArabiaL2,,3
Saudi ArabiaM1,,38
Saudi ArabiaO1,,2
Saudi ArabiaO3,,1
SenegalA1,,1
SenegalA2,,10
SenegalB1/B2,,3
SenegalF1,,8
SenegalG4,,7
SenegalG5,,1
SenegalK1,,2
SenegalU1,,1
SerbiaA1,,1
SerbiaB1,,1
SerbiaB1/B2,,56
SerbiaC1,,1
SerbiaC1/D,,52
SerbiaE2,,3
SerbiaF1,,7
SerbiaG1,,1
SerbiaH1B,,5
SerbiaH2B,,54
SerbiaH4,,2
SerbiaJ1,,4
SerbiaJ2,,1
SerbiaK1,,3
SerbiaK2,,1
SerbiaL1,,7
SerbiaL2,,5
SerbiaO1,,2
SerbiaP1,,1
SerbiaP4,,1
SeychellesF1,,1
Sierra LeoneA1,,7
Sierra LeoneA2,,3
Page 46 of 57,,
February 2021 (FY 2021),,
NationalityVisa Class,,Issuances
Sierra LeoneB1/B2,,2
Sierra LeoneF1,,2
Sierra LeoneG4,,1
Sierra LeoneJ1,,1
Sierra LeoneJ2,,2
Sierra LeoneK1,,1
SingaporeA1,,1
SingaporeA2,,43
SingaporeB1,,2
SingaporeB1/B2,,23
SingaporeC1/D,,100
SingaporeE2,,2
SingaporeF1,,19
SingaporeF2,,1
SingaporeG1,,5
SingaporeG4,,1
SingaporeH1B,,20
SingaporeH1B1,,32
SingaporeH3,,1
SingaporeH4,,2
SingaporeJ1,,4
SingaporeJ2,,1
SingaporeL1,,15
SingaporeL2,,10
SingaporeO1,,5
SlovakiaA1,,2
SlovakiaA2,,6
SlovakiaB1/B2,,2
SlovakiaB2,,1
SlovakiaC1/D,,3
SlovakiaE1,,2
SlovakiaE2,,8
SlovakiaF1,,1
SlovakiaF2,,1
SlovakiaG1,,1
SlovakiaG4,,1
SlovakiaJ1,,2
SlovakiaK1,,1
SlovakiaL1,,4
SlovakiaL2,,8
SlovakiaP1,,1
SloveniaB1,,1
Page 47 of 57,,
February 2021 (FY 2021),,
NationalityVisa Class,,Issuances
SloveniaB1/B2,,3
SloveniaB2,,1
SloveniaC1/D,,3
SloveniaE1,,2
SloveniaF1,,1
SloveniaH4,,1
SloveniaJ2,,1
SloveniaK1,,1
SloveniaNATO2,,11
SomaliaB1/B2,,2
SomaliaF1,,2
SomaliaG1,,1
South AfricaA1,,2
South AfricaA2,,5
South AfricaA3,,2
South AfricaB1,,14
South AfricaB1/B2,,45
South AfricaC1/D,,36
South AfricaF1,,4
South AfricaG4,,3
South AfricaH2A,,"1,767"
South AfricaH2B,,1
South AfricaH4,,1
South AfricaJ1,,48
South AfricaJ2,,1
South AfricaK1,,4
South AfricaL1,,7
South AfricaL2,,7
South AfricaO1,,1
South AfricaO3,,1
South AfricaP1,,3
South AfricaP4,,1
South SudanA1,,1
South SudanF1,,1
South SudanG4,,3
South SudanK1,,1
South SudanP1,,1
SpainA1,,3
SpainA2,,14
SpainB1,,24
SpainB1/B2,,19
SpainB2,,1
Page 48 of 57,,
February 2021 (FY 2021),,
NationalityVisa Class,,Issuances
SpainC1/D,,30
SpainC3,,3
SpainE1,,6
SpainE2,,73
SpainE3D,,1
SpainF1,,38
SpainF2,,2
SpainG2,,1
SpainG3,,1
SpainG4,,17
SpainH1B,,16
SpainH4,,3
SpainI,,2
SpainJ1,,69
SpainJ2,,15
SpainK1,,10
SpainL1,,25
SpainL2,,27
SpainM1,,2
SpainNATO2,,12
SpainNATO6,,4
SpainO1,,15
SpainO3,,6
SpainP1,,2
SpainP4,,1
Sri LankaA2,,7
Sri LankaA3,,2
Sri LankaB1,,5
Sri LankaB1/B2,,54
Sri LankaC1,,23
Sri LankaC1/D,,38
Sri LankaE2,,3
Sri LankaF1,,4
Sri LankaF2,,3
Sri LankaG1,,5
Sri LankaG4,,3
Sri LankaH1B,,1
Sri LankaH4,,3
Sri LankaK1,,3
Sri LankaO1,,1
Sri LankaO3,,1
SudanA3,,2
Page 49 of 57,,
February 2021 (FY 2021),,
NationalityVisa Class,,Issuances
SudanB1,,4
SudanB1/B2,,32
SudanD,,1
SudanF1,,11
SudanG1,,7
SudanG4,,1
SudanH1B,,3
SudanH4,,1
SudanJ1,,5
SudanJ2,,1
SudanK1,,2
SudanL1,,1
SurinameA2,,1
SurinameB1/B2,,12
SurinameC1/D,,1
SwedenA1,,7
SwedenA2,,16
SwedenB1,,1
SwedenB1/B2,,12
SwedenC1/D,,18
SwedenC3,,2
SwedenE2,,11
SwedenF1,,31
SwedenG1,,3
SwedenG4,,3
SwedenH1B,,1
SwedenI,,2
SwedenJ1,,6
SwedenJ2,,2
SwedenL1,,10
SwedenL2,,4
SwedenM1,,1
SwedenNATO2,,1
SwedenO1,,11
SwedenO2,,1
SwedenO3,,2
SwedenP1,,6
SwitzerlandA1,,2
SwitzerlandA2,,4
SwitzerlandB1/B2,,9
SwitzerlandC1/D,,36
SwitzerlandC3,,2
Page 50 of 57,,
February 2021 (FY 2021),,
NationalityVisa Class,,Issuances
SwitzerlandE2,,24
SwitzerlandF1,,31
SwitzerlandF2,,1
SwitzerlandG1,,1
SwitzerlandG2,,3
SwitzerlandG4,,8
SwitzerlandH1B,,4
SwitzerlandH4,,1
SwitzerlandI,,1
SwitzerlandJ1,,17
SwitzerlandJ2,,7
SwitzerlandK1,,1
SwitzerlandL1,,12
SwitzerlandL2,,4
SwitzerlandM1,,2
SwitzerlandO1,,3
SyriaA3,,1
SyriaB1,,2
SyriaB1/B2,,36
SyriaC1/D,,1
SyriaF1,,4
SyriaF2,,3
SyriaK1,,3
SyriaL1,,1
SyriaL2,,3
TajikistanA2,,4
TajikistanB1/B2,,15
TajikistanG4,,3
TajikistanJ1,,1
TajikistanJ2,,4
TajikistanK1,,1
TanzaniaA2,,2
TanzaniaB1/B2,,14
TanzaniaC1/D,,1
TanzaniaF1,,17
TanzaniaF2,,3
TanzaniaG4,,3
TanzaniaH1B,,3
TanzaniaJ1,,14
TanzaniaK1,,2
ThailandA2,,12
ThailandB1,,12
Page 51 of 57,,
February 2021 (FY 2021),,
NationalityVisa Class,,Issuances
ThailandB1/B2,,184
ThailandC1,,1
ThailandC1/D,,96
ThailandE1,,1
ThailandE2,,16
ThailandF1,,12
ThailandG4,,3
ThailandH1B,,2
ThailandH4,,3
ThailandJ1,,105
ThailandJ2,,2
ThailandK1,,32
ThailandK2,,6
ThailandL1,,3
ThailandL2,,5
ThailandO1,,1
ThailandR1,,5
ThailandTD,,1
Timor-LesteB1/B2,,2
TogoA2,,3
TogoB1/B2,,3
TogoF1,,10
TongaC1,,4
TongaK1,,1
Trinidad and TobagoA1,,1
Trinidad and TobagoA2,,4
Trinidad and TobagoB1,,1
Trinidad and TobagoB1/B2,,402
Trinidad and TobagoC1/D,,14
Trinidad and TobagoF1,,9
Trinidad and TobagoG4,,8
Trinidad and TobagoH1B,,3
Trinidad and TobagoJ1,,1
Trinidad and TobagoK1,,8
Trinidad and TobagoK2,,1
Trinidad and TobagoM1,,2
Trinidad and TobagoR1,,1
TunisiaA2,,10
TunisiaA3,,1
TunisiaB1,,2
TunisiaB1/B2,,60
TunisiaC1/D,,9
Page 52 of 57,,
February 2021 (FY 2021),,
NationalityVisa Class,,Issuances
TunisiaF1,,6
TunisiaG1,,4
TunisiaG4,,6
TunisiaH1B,,1
TunisiaJ1,,11
TunisiaJ2,,2
TunisiaK1,,3
TunisiaL1,,1
TunisiaM1,,1
TurkeyA1,,3
TurkeyA2,,2
TurkeyB1,,1
TurkeyB1/B2,,456
TurkeyC1/D,,107
TurkeyE2,,3
TurkeyF1,,11
TurkeyF2,,1
TurkeyG4,,3
TurkeyH1B,,3
TurkeyH4,,1
TurkeyI,,4
TurkeyJ1,,19
TurkeyJ2,,9
TurkeyK1,,38
TurkeyK2,,3
TurkeyL1,,8
TurkeyL2,,15
TurkeyM1,,10
TurkeyM2,,4
TurkeyNATO6,,3
TurkeyO1,,2
TurkeyO3,,4
TurkeyP1,,2
TurkmenistanA1,,1
TurkmenistanB1/B2,,1
TurkmenistanC1/D,,1
Turks and Caicos IslandsB1/B2,,6
UgandaA2,,10
UgandaA3,,1
UgandaB1/B2,,9
UgandaF1,,16
UgandaF2,,6
Page 53 of 57,,
February 2021 (FY 2021),,
NationalityVisa Class,,Issuances
UgandaG1,,1
UgandaG4,,21
UgandaH1B,,1
UgandaJ1,,4
UgandaJ2,,3
UgandaK1,,5
UkraineA1,,2
UkraineA2,,14
UkraineB1,,15
UkraineB1/B2,,124
UkraineB2,,1
UkraineC1,,4
UkraineC1/D,,308
UkraineE1,,1
UkraineF1,,32
UkraineF2,,1
UkraineG1,,4
UkraineH1B,,2
UkraineH2A,,75
UkraineH2B,,4
UkraineH4,,12
UkraineJ1,,15
UkraineJ2,,2
UkraineK1,,20
UkraineK2,,5
UkraineL1,,3
UkraineL2,,7
UkraineM1,,2
UkraineO1,,1
UkraineP1,,3
UkraineR1,,1
United Arab EmiratesA1,,11
United Arab EmiratesA2,,70
United Arab EmiratesB1/B2,,273
United Arab EmiratesD,,11
United Arab EmiratesF1,,15
United Arab EmiratesF2,,1
United Arab EmiratesG1,,1
United Arab EmiratesJ1,,2
UruguayA1,,2
UruguayA2,,20
UruguayB1/B2,,258
Page 54 of 57,,
February 2021 (FY 2021),,
NationalityVisa Class,,Issuances
UruguayC1,,1
UruguayC1/D,,1
UruguayE2,,3
UruguayF1,,2
UruguayG1,,1
UruguayG4,,7
UruguayH1B,,1
UruguayH2A,,11
UruguayH4,,1
UruguayJ1,,2
UruguayL1,,1
UruguayM1,,2
UruguayO1,,1
UzbekistanA1,,7
UzbekistanA2,,13
UzbekistanB1/B2,,9
UzbekistanC1/D,,44
UzbekistanF1,,13
UzbekistanG1,,6
UzbekistanG4,,4
UzbekistanH1B,,1
UzbekistanH4,,2
UzbekistanJ1,,1
UzbekistanK1,,2
UzbekistanP1,,1
VanuatuB1/B2,,1
Vatican CityA2,,1
Vatican CityC3,,2
Vatican CityG3,,1
VenezuelaA2,,1
VenezuelaB1,,2
VenezuelaB1/B2,,155
VenezuelaC1,,1
VenezuelaC1/D,,8
VenezuelaE2,,3
VenezuelaF1,,22
VenezuelaF2,,2
VenezuelaG4,,11
VenezuelaH1B,,1
VenezuelaJ1,,3
VenezuelaK1,,11
VenezuelaK2,,5
Page 55 of 57,,
February 2021 (FY 2021),,
NationalityVisa Class,,Issuances
VenezuelaL1,,3
VenezuelaL2,,6
VenezuelaM1,,2
VenezuelaO1,,3
VenezuelaO3,,1
VenezuelaP1,,74
VenezuelaP4,,10
VenezuelaR1,,1
VietnamA1,,17
VietnamA2,,48
VietnamB1,,4
VietnamB1/B2,,"1,279"
VietnamC1,,15
VietnamC1/D,,41
VietnamF1,,54
VietnamF2,,2
VietnamG1,,3
VietnamG4,,19
VietnamJ1,,8
VietnamJ2,,1
VietnamK1,,71
VietnamK2,,9
VietnamL1,,1
VietnamL2,,8
VietnamM1,,2
YemenA1,,4
YemenB1/B2,,51
YemenC1/D,,1
YemenF1,,52
YemenF2,,18
YemenG1,,2
YemenG4,,14
YemenJ1,,1
YemenK1,,3
YemenR2,,1
ZambiaB1/B2,,9
ZambiaF1,,4
ZambiaG1,,3
ZambiaG4,,12
ZimbabweA1,,2
ZimbabweB1,,1
ZimbabweB1/B2,,31
