t,indmc,numD,numE,hour,wage_tot,prod,E9,ym,ipjik,EXIT
1,10,252056,4745,187.6,2776338,101.8,9885,696,15566 ,14341 
2,10,249009,4222,159.9,3102953,106.6,9662,697,11328 ,14490 
3,10,250448,4031,181.5,2745420,100.3,9572,698,16270 ,14680 
4,10,251339,4165,182.6,2673246,103,9680,699,14911 ,14097 
5,10,253282,3955,178,2705988,108.7,9791,700,15240 ,13211 
6,10,253448,4536,173.1,2794827,104.6,9985,701,13535 ,13358 
7,10,255144,4694,184.2,2764626,101.8,10160,702,12963 ,11322 
8,10,258701,5925,181.8,2780741,105.4,10221,703,17430 ,13896 
9,10,259085,6694,159.4,3163552,104.2,10293,704,17697 ,17317 
10,10,264541,4873,181.1,2717781,106,10518,705,16447 ,11323 
11,10,266136,5856,185.4,2677834,106.4,10529,706,15239 ,13691 
12,10,266604,5133,172.5,3255395,104.6,10710,707,16246 ,16163 
13,10,266060,6546,182.4,3187894,108.9,10691,708,15598 ,16157 
14,10,265661,3574,149.8,2939258,104.5,10579,709,13927 ,14040 
15,10,267996,3653,172.3,2856693,106,10575,710,14554 ,12044 
16,10,268657,4176,183.6,2809320,107.9,10920,711,12283 ,11593 
17,10,268498,4783,179.4,2812351,107.2,10916,712,11615 ,11815 
18,10,268692,4345,166.1,2882747,106,11124,713,10770 ,10421 
19,10,269960,5129,185.2,2869100,109.4,11357,714,12839 ,11630 
20,10,271883,4810,171.4,2999286,106.8,11361,715,13188 ,11401 
21,10,269705,4541,161.6,3137667,107.5,11491,716,13615 ,15580 
22,10,276000,5461,174,2820192,108.8,11658,717,16752 ,10365 
23,10,277472,4407,175.4,2787333,108.8,11701,718,14154 ,12553 
24,10,277417,4259,173.8,3348065,111.1,11985,719,9988 ,10389 
25,10,277438,4248,169.1,3276503,108.7,11985,720,15106 ,15087 
26,10,274065,3289,167.1,2833816,107.2,11710,721,10704 ,14102 
27,10,269202,2788,178.7,2851793,109.5,11389,722,10434 ,15300 
28,10,265331,2973,168.6,2844096,112.4,11209,723,9735 ,13607 
29,10,266255,3699,162.1,2821089,104.4,11063,724,11504 ,10687 
30,10,267467,3412,180,2901480,110.1,10934,725,14100 ,12871 
31,10,267090,3302,185.6,2949629,111.4,10882,726,11886 ,12262 
32,10,272953,3756,167.6,2904932,108.2,10760,727,16949 ,11157 
33,10,275567,3126,175.3,3275847,110.6,10585,728,17513 ,14893 
34,10,272416,4215,163.4,2880159,109.1,10407,729,12661 ,15741 
35,10,274003,3649,176.5,2870325,109.7,10209,730,13696 ,12029 
36,10,272897,3537,181.5,3450176,111.9,10011,731,13700 ,14696 
37,10,274792,3284,169.9,3070856,106.6,9819,732,14655 ,12836 
38,10,272099,3484,152.8,3248811,111.7,9585,733,11336 ,14118 
39,10,275452,4159,182.7,2965560,109.6,9267,734,16519 ,13169 
40,10,275649,3929,182.8,2942575,108.7,9003,735,14181 ,14005 
41,10,274919,4219,163,2935678,108.6,8951,736,11394 ,12129 
42,10,274690,4860,180.8,3004625,109.5,8810,737,12252 ,12486 
43,10,274010,4925,179.3,3137298,108.3,8891,738,12303 ,12938 
44,10,274645,5593,170.9,3049220,107.9,8849,739,14285 ,13610 
1,11,17897,229,185.4,3798737,105.2,99,696,826 ,636 
2,11,17939,198,157.9,4816507,111.2,97,697,707 ,664 
3,11,17845,222,174.6,3967888,108.4,99,698,700 ,794 
4,11,17977,288,182.5,4655842,103.4,104,699,833 ,700 
5,11,18101,281,174.9,3661175,105.2,100,700,812 ,687 
6,11,18291,294,172.5,4157663,104,105,701,913 ,715 
7,11,18482,182,184.4,3894395,108.7,107,702,1151 ,959 
8,11,18679,184,178.5,4176845,107.2,109,703,912 ,715 
9,11,18613,191,160.4,4884777,104.1,116,704,758 ,823 
10,11,18679,168,177,4687681,108.1,119,705,756 ,701 
11,11,18770,158,184.3,3767612,100.7,118,706,815 ,723 
12,11,18777,174,165.7,4437866,103.7,121,707,597 ,615 
13,11,18759,231,181.1,5153637,107.4,122,708,785 ,804 
14,11,18917,237,145,4291267,105.5,122,709,923 ,773 
15,11,19025,232,165.6,4094459,107,124,710,911 ,786 
16,11,19097,243,183,4707583,107.6,130,711,874 ,803 
17,11,19159,261,176.8,3733029,107.2,129,712,912 ,852 
18,11,19172,177,167.6,4375765,101.9,119,713,767 ,754 
19,11,19438,190,185.4,4217694,101.1,120,714,969 ,704 
20,11,19455,181,168.8,4850985,99.3,117,715,739 ,723 
21,11,19525,159,160.6,5066293,103,122,716,843 ,773 
22,11,19607,150,171,4463002,101,124,717,915 ,833 
23,11,19538,135,174.4,4157616,99.4,127,718,537 ,610 
24,11,19667,133,172.1,5141760,103.2,126,719,683 ,554 
25,11,19882,293,170.1,5456130,105.8,128,720,1059 ,853 
26,11,19987,291,170.4,4526228,99.8,126,721,813 ,712 
27,11,20322,426,178.8,3958652,95,122,722,1119 ,785 
28,11,19997,222,166.9,4447583,102.9,120,723,638 ,962 
29,11,20203,159,161.5,3887362,96.2,119,724,503 ,296 
30,11,20249,66,181.9,4231166,103.9,120,725,540 ,494 
31,11,20450,151,186.3,4186428,101.2,122,726,742 ,541 
32,11,20379,107,158.8,4286642,97.6,124,727,632 ,701 
33,11,20365,134,174.6,5104815,98.7,123,728,605 ,618 
34,11,20327,235,153.6,4178293,101.2,127,729,851 ,891 
35,11,20511,79,170.6,4412027,102.6,122,730,725 ,540 
36,11,20592,129,171.6,4688930,99.7,128,731,602 ,521 
37,11,20668,262,164.8,4383775,93.2,129,732,679 ,605 
38,11,20682,214,151.4,5510641,107.8,125,733,495 ,482 
39,11,20770,232,177.4,4173297,107.2,123,734,698 ,610 
40,11,20825,291,177.7,4983646,103.3,120,735,657 ,601 
41,11,20786,310,161.7,3960216,94,120,736,562 ,600 
42,11,20961,249,178.2,4281884,95.8,114,737,737 ,584 
43,11,20998,230,176.4,4261032,93,114,738,604 ,567 
44,11,20975,242,161.4,4485024,97.6,113,739,558 ,581 
1,12,2515,9,178.3,4499729,118.8,3,696,77 ,61 
2,12,2503,11,159,13497093,125.1,3,697,13 ,25 
3,12,2625,6,176.8,5093442,112.4,2,698,161 ,40 
4,12,2684,6,177.8,5258340,112.5,2,699,85 ,25 
5,12,2740,9,155.4,5218879,122.5,2,700,94 ,38 
6,12,2627,3,164.6,6021665,108,2,701,120 ,233 
7,12,2652,3,179.7,4912640,107.7,2,702,68 ,44 
8,12,2610,3,168.9,7741215,110.6,2,703,38 ,80 
9,12,2592,3,144.1,5955489,107.3,2,704,21 ,39 
10,12,2832,3,163,6152054,117.3,2,705,268 ,28 
11,12,2834,26,170.5,5018736,116.9,2,706,50 ,48 
12,12,2760,15,143.1,5137530,89.3,2,707,42 ,116 
13,12,2525,3,158.4,4573331,109.8,2,708,13 ,247 
14,12,2469,3,144.1,12163135,112.7,2,709,6 ,62 
15,12,2476,3,160.6,5079779,123.5,2,710,24 ,16 
16,12,2554,3,179.1,7358165,126.9,0,711,101 ,23 
17,12,2553,3,167.7,5426508,127.7,0,712,40 ,42 
18,12,2334,3,158.8,5207321,125.1,0,713,15 ,229 
19,12,2332,3,181.3,6261884,128,0,714,55 ,57 
20,12,2311,3,159.1,8297745,124.7,0,715,8 ,29 
21,12,2341,3,157,6274957,125.2,0,716,47 ,17 
22,12,2527,3,153.9,5092525,113.3,0,717,230 ,43 
23,12,2512,3,162.4,4971035,117.1,0,718,5 ,21 
24,12,2506,3,149.6,5334712,117.5,0,719,12 ,18 
25,12,2759,3,149.8,5728288,130.4,0,720,332 ,79 
26,12,2723,3,157.6,12522091,126.5,0,721,25 ,61 
27,12,2826,7,175,5190172,119.9,0,722,146 ,43 
28,12,2805,3,157.5,7238374,115.3,0,723,17 ,37 
29,12,2776,0,137.9,4926488,110.8,0,724,30 ,59 
30,12,2785,4,172.4,5011796,127.3,0,725,28 ,19 
31,12,2569,8,174.4,5345479,140.6,0,726,50 ,266 
32,12,2564,5,138,8364771,133,0,727,46 ,51 
33,12,2567,3,165.2,7361033,133.2,0,728,47 ,44 
34,12,2856,3,148.8,5038570,144.8,0,729,315 ,26 
35,12,2788,3,166.3,5313080,138.2,0,730,28 ,97 
36,12,2795,3,159.2,5445963,102.2,0,731,33 ,26 
37,12,2789,3,153.3,5541515,121.9,0,732,79 ,85 
38,12,2806,5,137.5,12617541,130.2,0,733,54 ,37 
39,12,2769,3,168.3,6024762,128.1,0,734,28 ,64 
40,12,2864,3,168.6,7308377,131.5,0,735,142 ,48 
41,12,2845,3,139.5,5140751,130.2,0,736,46 ,64 
42,12,2851,5,167.1,5128137,119.3,0,737,53 ,47 
43,12,2636,3,175.8,5461715,105.5,0,738,50 ,265 
44,12,2629,3,151.2,8538749,117.9,0,739,28 ,35 
1,13,124155,1359,195.2,2899567,91.3,11031,696,3657 ,3331 
2,13,123522,1760,163.8,2968024,91.2,10789,697,3377 ,3999 
3,13,123266,2304,189.8,2825136,88.9,10551,698,4461 ,4737 
4,13,123421,1788,191.7,2896344,91.3,10370,699,4058 ,3944 
5,13,122524,1646,189.1,2938754,93.5,10322,700,4446 ,5183 
6,13,123288,1521,184.7,2919812,90.3,10348,701,4629 ,3874 
7,13,122716,1524,193.8,2921687,88.9,10293,702,3814 ,4294 
8,13,121998,2337,186.1,2924697,88,10291,703,4106 ,4788 
9,13,119976,1207,161.9,3156798,84.9,10191,704,5495 ,7464 
10,13,119696,1164,192.9,2886178,89,10128,705,5134 ,5429 
11,13,119491,1192,195.4,2856715,86,10036,706,4909 ,5142 
12,13,118999,1066,183.5,3093163,85,10085,707,4768 ,5026 
13,13,118504,958,190.6,3169341,86.5,9909,708,3380 ,4100 
14,13,117955,1098,150.5,3060100,83.7,9747,709,3588 ,3972 
15,13,118505,1426,180.6,2978768,82.8,9645,710,4752 ,4204 
16,13,118445,1233,192.5,2944387,84.3,9623,711,5179 ,5369 
17,13,117938,1216,187,3076476,83.1,9468,712,6025 ,6563 
18,13,118198,889,175.6,2941799,83.1,9514,713,6150 ,5660 
19,13,118485,894,198.3,3066217,85.1,9536,714,5269 ,4910 
20,13,117361,1006,181,3055098,82.3,9501,715,4339 ,5488 
21,13,117174,1282,170.1,3248353,84.1,9485,716,3904 ,4258 
22,13,117117,1171,189.5,2976669,82.7,9510,717,4265 ,4303 
23,13,117021,715,189.3,2969469,80,9363,718,5431 ,5637 
24,13,115712,922,188.5,3177843,83.1,9528,719,4416 ,5641 
25,13,115034,869,174.5,3439819,83.7,9481,720,2967 ,3523 
26,13,115587,827,175.7,3072360,81.3,9270,721,4171 ,3739 
27,13,113806,681,186.3,3106443,81.5,8959,722,3013 ,4913 
28,13,109506,688,161,2919655,65.3,8675,723,4050 ,8263 
29,13,106733,934,151.1,2889270,58.7,8424,724,3499 ,6047 
30,13,107830,1162,172.4,2850104,67.8,8235,725,5886 ,4728 
31,13,109302,995,177.4,2988650,73.6,8066,726,6851 ,5465 
32,13,110826,1094,161.5,2976419,73.9,7922,727,7730 ,6297 
33,13,111550,804,174.5,3270511,77.4,7741,728,6216 ,5457 
34,13,112999,1339,162.5,3052864,79.8,7634,729,5839 ,4308 
35,13,111806,856,175.1,3057026,77.9,7432,730,4642 ,5698 
36,13,111047,992,183.5,3169345,78.1,7256,731,4151 ,4878 
37,13,110949,1009,169.5,3198741,76.9,7130,732,4455 ,4846 
38,13,109801,1315,153.2,3253261,79.4,6963,733,2993 ,3799 
39,13,110372,1297,183.8,3106705,81.4,6775,734,3910 ,3689 
40,13,110192,1465,186.8,3108704,78.3,6598,735,3750 ,3695 
41,13,109784,1351,169.3,3121319,77.2,6524,736,2812 ,3149 
42,13,108709,1502,185.6,3084926,80.3,6358,737,2739 ,3794 
43,13,108717,1603,183.1,3231578,83,6368,738,3375 ,3482 
44,13,108681,1729,171.3,3098926,78.9,6310,739,2832 ,3000 
1,14,110460,1692,177.7,2744069,92.4,1037,696,5513 ,5344 
2,14,111683,1548,148.1,2907176,97.2,1013,697,4998 ,4299 
3,14,111428,1202,170.5,2762256,93.7,997,698,5038 ,4385 
4,14,111550,1528,174.6,2762161,96.3,959,699,4913 ,5402 
5,14,111731,1223,166.7,2718120,94.3,970,700,4779 ,5091 
6,14,110735,1539,160.7,2710459,97.1,959,701,5093 ,5538 
7,14,110155,1676,178.2,2784061,96.7,963,702,3989 ,5018 
8,14,108891,2230,173.8,2719415,92.7,971,703,3757 ,5104 
9,14,109162,1616,147.8,2869213,92.6,962,704,4784 ,4545 
10,14,107859,1430,171,2744095,91.2,970,705,4077 ,5951 
11,14,104686,1253,179.6,2711973,92.5,964,706,4275 ,6073 
12,14,103828,1304,165.4,2824595,93.6,951,707,4062 ,5350 
13,14,103095,1662,177.5,2942521,90.9,937,708,5124 ,5006 
14,14,102451,1960,143.1,2986327,84.8,919,709,3772 ,3980 
15,14,101669,1747,163.8,2855268,91.8,904,710,4901 ,5694 
16,14,101542,1690,180.4,2899995,86,908,711,4310 ,4609 
17,14,100354,1487,171.5,2835107,90,880,712,3088 ,4246 
18,14,100884,1414,158.2,2821161,91.6,888,713,3509 ,4108 
19,14,99848,1352,181.7,2926410,91.2,900,714,2738 ,4414 
20,14,101339,1319,165.6,2907647,87.9,908,715,4268 ,3750 
21,14,101003,1434,153.7,3005313,86.5,902,716,3854 ,4207 
22,14,101030,1614,168.5,2888364,81.9,888,717,3137 ,2902 
23,14,100634,1468,169.6,2841174,83.5,882,718,2887 ,3419 
24,14,99024,1493,168.5,3034004,87.9,900,719,2388 ,3597 
25,14,96425,669,156,3185669,90,855,720,3391 ,4555 
26,14,95063,474,156.3,3062346,68.4,852,721,3328 ,4614 
27,14,93617,281,169.3,3005112,64.5,814,722,2932 ,4972 
28,14,90183,277,148.6,2903190,72.2,787,723,2960 ,5937 
29,14,89636,208,143.6,2811855,67.9,767,724,3471 ,4321 
30,14,89068,279,162.8,2860985,74.1,732,725,3510 ,5117 
31,14,89431,419,168.2,2950046,69.9,708,726,3241 ,3074 
32,14,88803,602,150.7,2932061,70.5,692,727,2542 ,3347 
33,14,87802,557,156.2,3020732,66.5,656,728,3972 ,4937 
34,14,85667,451,144,2902807,70.2,643,729,3529 ,4756 
35,14,84496,600,159.6,2874344,66.7,631,730,3463 ,4811 
36,14,84470,565,167.3,2991828,65.1,602,731,4185 ,4135 
37,14,84613,515,156.6,2973342,61.4,593,732,3750 ,3814 
38,14,83804,469,144,3217601,72.3,585,733,2439 ,2863 
39,14,84051,770,177.1,3019848,73.5,575,734,3642 ,3560 
40,14,83055,558,177.4,3043018,75.1,556,735,3702 ,4744 
41,14,82932,587,159.1,2965643,77.6,553,736,2980 ,2958 
42,14,81967,530,173.7,2948961,78.7,534,737,3120 ,4243 
43,14,81170,535,173.5,3123125,82.3,534,738,2535 ,3143 
44,14,81171,510,168.7,3061345,74.2,526,739,2084 ,2253 
1,15,31408,209,180.6,2572210,82.8,656,696,1324 ,1410 
2,15,31284,287,152.8,2688767,80,638,697,1339 ,1521 
3,15,30943,295,176,2710267,84.5,616,698,1347 ,1364 
4,15,31052,368,173.5,2672092,87.8,611,699,1513 ,1356 
5,15,30705,374,170.9,2698060,87.1,606,700,1261 ,1601 
6,15,29404,464,162.9,2677246,83.6,599,701,1205 ,2496 
7,15,28967,368,180.7,2801998,92.1,596,702,1191 ,1591 
8,15,28600,294,171,2716389,88.7,599,703,1119 ,1406 
9,15,27863,292,145.9,3017039,83.1,597,704,1068 ,1764 
10,15,28059,244,175.7,2710516,79.6,602,705,1480 ,1073 
11,15,28410,307,182.6,2729413,74.6,592,706,1045 ,629 
12,15,27620,163,165.7,2752170,71.5,593,707,1145 ,1907 
13,15,27039,182,178.7,2859909,71,577,708,1262 ,1859 
14,15,26508,324,142.5,2904019,64.9,566,709,1071 ,1618 
15,15,26520,357,166.4,2879306,77.9,564,710,1025 ,1080 
16,15,26314,336,177.5,2848169,72.6,570,711,976 ,1213 
17,15,25814,421,173.5,2888549,77.1,573,712,661 ,1300 
18,15,26047,314,158.9,2891465,70.1,581,713,1078 ,810 
19,15,25760,346,184.5,3020153,70.8,571,714,615 ,917 
20,15,25719,256,168,2895634,68.9,568,715,871 ,875 
21,15,25858,331,155.5,3005063,76,571,716,696 ,595 
22,15,25844,177,172,2842132,69.1,568,717,777 ,704 
23,15,25671,159,171.8,2870739,69.4,574,718,943 ,1130 
24,15,25466,226,171.4,2967063,67.8,578,719,828 ,952 
25,15,25052,119,162.5,3116177,70.5,577,720,895 ,950 
26,15,24327,50,161.2,2922426,56.5,573,721,568 ,1299 
27,15,23082,37,172,2963208,52.2,548,722,1124 ,2016 
28,15,22543,19,152.4,2734755,43.2,518,723,651 ,1612 
29,15,22029,45,146.6,2811028,42.6,506,724,722 ,1289 
30,15,21932,46,166.3,2852026,46,482,725,1043 ,1053 
31,15,21973,88,173.3,2859033,42.5,451,726,736 ,642 
32,15,21922,53,148.8,2862731,42.3,431,727,864 ,1180 
33,15,21726,66,165.3,3006802,44.2,427,728,854 ,813 
34,15,21877,30,150,3017348,55.2,420,729,1393 ,1225 
35,15,21957,30,160.4,2945912,51.4,414,730,770 ,595 
36,15,21458,49,170.5,3053214,48.8,405,731,625 ,1104 
37,15,21429,59,160,3074932,45.2,397,732,812 ,764 
38,15,21181,133,144.8,3121249,45.3,373,733,798 ,1046 
39,15,21216,114,177.4,3079497,47,367,734,862 ,813 
40,15,21217,126,177.9,3110364,49.3,355,735,608 ,622 
41,15,21658,140,158.9,3079092,48.8,354,736,1000 ,549 
42,15,21395,122,181.3,3089177,55.8,350,737,490 ,782 
43,15,21358,148,179.5,3202478,49.3,359,738,582 ,634 
44,15,21266,186,166,3102596,45.6,352,739,520 ,533 
1,16,33708,529,188.3,2856090,97.3,4682,696,2113 ,1815 
2,16,33560,779,162.1,3302707,98.8,4557,697,1742 ,1887 
3,16,33364,565,188.4,2787109,96.2,4514,698,1789 ,1978 
4,16,33327,749,188,2791807,94.7,4456,699,1930 ,1981 
5,16,33563,597,182.1,2791806,97.1,4481,700,1890 ,1654 
6,16,33821,576,178.5,2874443,95.6,4549,701,1898 ,1632 
7,16,33498,695,192.5,3189852,97.6,4562,702,1591 ,1911 
8,16,33417,923,185.3,2862033,95.8,4538,703,1590 ,1672 
9,16,33196,938,159.2,3424564,96.4,4528,704,1411 ,1630 
10,16,33668,1173,188.8,2895490,94.5,4634,705,2294 ,1835 
11,16,33583,907,189.3,2829638,93.5,4581,706,2275 ,2360 
12,16,33845,633,176.8,3192798,91.1,4687,707,1664 ,1395 
13,16,33998,455,188.9,3352390,93.3,4617,708,1507 ,1339 
14,16,34000,787,149.8,3100157,90.8,4522,709,1581 ,1579 
15,16,33702,735,176.6,2957394,94.2,4463,710,1648 ,1947 
16,16,34244,499,191,2937334,87.5,4501,711,2778 ,2231 
17,16,33860,657,183.6,2965848,84.8,4394,712,1647 ,2031 
18,16,33767,501,170.9,3004763,80.4,4416,713,1404 ,1504 
19,16,33694,427,197,3388125,85.2,4403,714,1530 ,1603 
20,16,33470,287,178.1,3143671,82.9,4354,715,1076 ,1297 
21,16,33429,433,165.7,3417372,83.3,4372,716,1539 ,1583 
22,16,33427,469,185.6,3020986,86.5,4356,717,1395 ,1397 
23,16,33429,534,183.4,3009083,86.4,4275,718,1119 ,1117 
24,16,33587,731,181.3,3049663,87.3,4403,719,1279 ,1120 
25,16,33363,292,173.5,3649873,90.7,4407,720,1220 ,1463 
26,16,33374,388,173.5,3107980,86.7,4315,721,1978 ,2133 
27,16,33589,318,191.7,3283928,87,4185,722,1793 ,1856 
28,16,33596,307,178.7,3134906,89.1,4144,723,1859 ,1644 
29,16,33050,393,166.9,3186786,75.4,4077,724,1584 ,2050 
30,16,33104,368,185,3127278,83.3,3991,725,1820 ,1766 
31,16,33116,308,184.4,3393997,82.6,3904,726,1937 ,1974 
32,16,32671,512,167.2,3168685,84,3830,727,1316 ,1773 
33,16,32529,476,181.6,3693258,84.7,3740,728,1569 ,1724 
34,16,32804,892,170.4,3272516,87.3,3679,729,2158 ,1859 
35,16,33038,796,181.4,3241212,87.4,3583,730,2953 ,2645 
36,16,32948,854,188,3562134,88.9,3526,731,2751 ,2901 
37,16,33189,838,177.9,3560418,85,3468,732,2143 ,1909 
38,16,33507,948,161.6,3477857,90.5,3413,733,2428 ,2140 
39,16,33346,1054,189.8,3391145,91.6,3322,734,2354 ,2529 
40,16,33274,1040,187.1,3258849,85.3,3245,735,3153 ,3185 
41,16,32843,1349,171.9,3380857,86.5,3195,736,2309 ,2775 
42,16,32917,1076,188.6,3261504,86,3137,737,3025 ,3018 
43,16,32670,1205,186.7,3726526,85.1,3156,738,1946 ,2165 
44,16,32776,1135,174.9,3282234,83.7,3104,739,2278 ,2153 
1,17,74210,1090,200.6,3232959,95.6,6181,696,2903 ,2411 
2,17,74467,1190,167.4,3435627,98.5,6028,697,2480 ,2272 
3,17,74572,1450,192.4,3124167,97.4,5966,698,2837 ,2733 
4,17,75162,1423,189,3124948,96.4,5861,699,2795 ,2204 
5,17,74979,1321,186.1,3174782,99.5,5958,700,2566 ,2750 
6,17,75079,1300,179.2,3220017,98.6,6046,701,2582 ,2543 
7,17,75616,1286,191.6,3160386,97.4,6079,702,2366 ,1830 
8,17,75217,1444,187.9,3255185,96.7,6121,703,1969 ,2369 
9,17,75444,1245,162.4,3572774,96.4,6173,704,2500 ,2274 
10,17,75186,1233,193.5,3155236,96.7,6265,705,2192 ,2449 
11,17,75963,1437,195.8,3095007,98.1,6296,706,2880 ,2038 
12,17,74686,1514,181.5,4473828,95.6,6408,707,2116 ,3393 
13,17,75282,1010,196.8,3806120,97.1,6388,708,3243 ,2650 
14,17,75245,1149,156.5,3229684,94.4,6280,709,2322 ,2358 
15,17,75610,1024,181.3,3346522,94.2,6240,710,2340 ,1975 
16,17,75512,1174,194.9,3232763,93.7,6313,711,2599 ,2661 
17,17,75705,909,190.8,3259104,94.4,6299,712,1989 ,1796 
18,17,75446,917,176.4,3294163,94.4,6323,713,1679 ,1938 
19,17,75449,1052,196.5,3407657,97.7,6367,714,1547 ,1523 
20,17,75433,1142,183,3398440,96.9,6372,715,1763 ,1778 
21,17,75428,1282,172.6,3549259,95.2,6378,716,1755 ,1761 
22,17,75474,881,192.3,3245328,93.5,6442,717,2145 ,2099 
23,17,75752,706,188.4,3356381,95.1,6424,718,1772 ,1494 
24,17,75581,753,188.4,4245324,97.5,6590,719,1888 ,2059 
25,17,75355,838,181.3,3906171,97.1,6589,720,1700 ,2015 
26,17,75717,1137,181.9,3285428,95.8,6510,721,1870 ,1829 
27,17,76018,1047,198.2,3405030,96.4,6350,722,2374 ,2068 
28,17,75592,849,183.7,3281896,94.6,6259,723,1595 ,1945 
29,17,74787,843,174.1,3261456,87.2,6209,724,1346 ,2116 
30,17,74924,789,193,3397503,90.4,6104,725,1749 ,1645 
31,17,73951,794,200.9,3424524,91,6016,726,1222 ,2196 
32,17,74102,891,181.3,3367382,91.6,5968,727,1782 ,1473 
33,17,73991,812,193.2,3805641,94.9,5852,728,1414 ,1621 
34,17,73984,936,182,3377992,93.4,5775,729,1686 ,1664 
35,17,74651,901,191.2,3366363,93.7,5704,730,2164 ,1560 
36,17,74875,1133,197.5,4186143,98.7,5614,731,2153 ,2060 
37,17,74891,946,187.4,3775105,92.2,5532,732,2715 ,2716 
38,17,74348,1556,164.9,3559956,101.2,5415,733,1653 ,2181 
39,17,74662,1433,196.5,3447044,97.6,5275,734,2683 ,2368 
40,17,74605,1671,195.9,3371504,95.3,5135,735,2385 ,2509 
41,17,74837,1349,177.1,3416453,94.8,5079,736,2156 ,2009 
42,17,74508,1475,192.8,3521503,94.6,4971,737,2306 ,2502 
43,17,74462,1225,190.8,3482179,92.4,4993,738,1846 ,1959 
44,17,74586,1309,178.8,3402961,91.1,4974,739,2401 ,2078 
1,18,57482,591,184.8,2707707,103.5,2934,696,1813 ,1910 
2,18,57430,696,153.2,2930514,104.5,2888,697,1496 ,1546 
3,18,56351,707,177.6,2652623,103,2855,698,1543 ,2486 
4,18,55785,1337,177.6,2638760,102.6,2834,699,1827 ,2392 
5,18,55773,941,172.9,2643658,115.4,2848,700,2028 ,2043 
6,18,55426,727,163.7,2637205,105,2905,701,1960 ,2524 
7,18,55307,651,182.3,2707317,97.4,2920,702,1605 ,1718 
8,18,55221,815,174.9,2687118,97,2915,703,2134 ,2223 
9,18,55189,775,149.4,2930456,94.7,2918,704,2011 ,2139 
10,18,55646,629,176.5,2648599,99.8,2942,705,2128 ,1702 
11,18,55895,648,186.1,2694729,97.9,2928,706,2318 ,2000 
12,18,55751,579,175.5,2901220,91.8,3000,707,2350 ,2510 
13,18,56543,783,186.2,2896683,98.5,2954,708,2798 ,2006 
14,18,56615,826,143.7,2738443,92.1,2951,709,2277 ,2346 
15,18,56628,870,169,2657641,96.6,2947,710,2572 ,2562 
16,18,56441,1073,180.9,2681466,97.2,2944,711,2647 ,2898 
17,18,56379,769,179.3,2724247,95.2,2909,712,2018 ,2080 
18,18,56392,653,162.9,2716526,94.7,2897,713,2192 ,2127 
19,18,55713,937,188.4,2818983,97.4,2886,714,2774 ,3483 
20,18,55698,1088,172.5,2762295,90.5,2868,715,2490 ,2506 
21,18,55409,881,161.2,2943216,94.9,2901,716,2367 ,2655 
22,18,55236,1066,177.3,2706533,95.8,2927,717,2388 ,2582 
23,18,55253,837,179.6,2738479,94.4,2933,718,2214 ,2192 
24,18,55545,996,184.8,2947203,96.3,2980,719,1878 ,1587 
25,18,54939,626,166.9,3045505,95,2960,720,1695 ,2049 
26,18,54942,568,167.2,2775347,92.4,2910,721,2696 ,2674 
27,18,54629,433,182.5,2849802,93.4,2829,722,1887 ,2207 
28,18,54017,378,157.8,2740798,94.8,2824,723,1879 ,2493 
29,18,53648,404,150.2,2726633,87,2789,724,1714 ,2094 
30,18,53038,344,173.2,2772745,97.2,2749,725,2482 ,3143 
31,18,52342,437,181.7,2930128,99.9,2733,726,1963 ,2710 
32,18,52135,403,158.7,2785671,95.7,2689,727,2878 ,3063 
33,18,52215,364,167,2965355,100.1,2642,728,2456 ,2318 
34,18,51601,544,149.6,2714143,100,2615,729,4148 ,4761 
35,18,51816,291,169.8,2768632,94.5,2569,730,2595 ,2397 
36,18,52043,383,178.4,3069120,97.2,2531,731,2753 ,2529 
37,18,51475,322,166.4,2992093,93.9,2494,732,2182 ,2694 
38,18,51756,494,148.9,2993850,96.1,2438,733,2861 ,2570 
39,18,51458,717,180.5,3002968,99.3,2387,734,3115 ,3219 
40,18,51252,811,180.6,2912469,96.9,2329,735,2888 ,3094 
41,18,51241,711,159.7,2878351,98.6,2313,736,3808 ,3815 
42,18,50842,585,180,2875322,100.2,2276,737,2263 ,2661 
43,18,50936,894,178.3,3084721,97.4,2293,738,2495 ,2401 
44,18,51104,664,168.2,2891536,97.9,2265,739,2919 ,2766 
1,19,12130,46,185.6,9712411,118.2,224,696,315 ,162 
2,19,12156,55,153.8,19573621,117.3,209,697,172 ,147 
3,19,12188,52,176.4,5513814,104.5,205,698,239 ,214 
4,19,12246,65,183.4,6831099,117.4,212,699,223 ,165 
5,19,12312,52,170.7,6112164,122,201,700,207 ,142 
6,19,12364,37,168.2,6620901,120.6,196,701,194 ,143 
7,19,12429,42,186.1,5700766,119.2,201,702,205 ,141 
8,19,12535,55,177.7,6021212,115,195,703,256 ,150 
9,19,12708,48,150.6,6748978,117.3,199,704,234 ,132 
10,19,12827,46,174.6,5958200,121.7,203,705,247 ,140 
11,19,12899,24,183.4,5955974,118,190,706,206 ,134 
12,19,12927,48,164,8892938,116.9,196,707,270 ,242 
13,19,13104,26,180.6,7084295,116.8,189,708,362 ,197 
14,19,13095,31,142.2,14276624,116.3,183,709,104 ,115 
15,19,13126,41,165.6,7577948,111.8,183,710,159 ,128 
16,19,13124,43,179.7,6613744,122.5,178,711,191 ,197 
17,19,13177,35,176.6,6131141,112.1,185,712,174 ,124 
18,19,13185,36,160.3,6740034,115,180,713,120 ,113 
19,19,13219,50,185.6,7701004,115.1,175,714,158 ,125 
20,19,13263,29,165,5881867,118,174,715,152 ,118 
21,19,13377,43,160.8,6623187,117.8,170,716,241 ,125 
22,19,13452,42,172,6347711,108.9,174,717,169 ,94 
23,19,13477,41,180.7,6566960,114,178,718,149 ,125 
24,19,13495,55,171.1,9062625,116.7,184,719,162 ,144 
25,19,13549,51,167.1,8499141,113.1,178,720,310 ,262 
26,19,13565,30,167,9904987,113.6,171,721,199 ,183 
27,19,13637,39,177.7,7638175,115,161,722,214 ,138 
28,19,13539,29,170.7,6321320,106.3,152,723,63 ,147 
29,19,13532,42,160.3,6475659,104.7,141,724,92 ,98 
30,19,13456,42,179.2,6186365,106.2,134,725,103 ,177 
31,19,13431,45,187.7,7776113,107.8,129,726,92 ,100 
32,19,13416,47,162.3,6108589,107.6,129,727,77 ,106 
33,19,13711,31,173,6985393,105.9,128,728,370 ,123 
34,19,13706,47,157.6,6497605,105.4,128,729,104 ,115 
35,19,13759,42,175.2,6568179,105.9,125,730,159 ,97 
36,19,13763,46,174.1,6877667,106.5,127,731,87 ,82 
37,19,13675,40,167.7,7437655,102.3,128,732,146 ,182 
38,19,13675,49,153.5,8375936,106.9,120,733,111 ,108 
39,19,13570,62,179.2,6688277,104.5,120,734,122 ,226 
40,19,13637,74,182.1,6698559,111.1,118,735,175 ,102 
41,19,13590,77,161.2,6638172,114.9,119,736,97 ,137 
42,19,13608,70,179.5,6482109,108.2,118,737,149 ,131 
43,19,13557,71,181.5,8341218,109,118,738,134 ,164 
44,19,13597,56,167.9,6674485,112.6,111,739,139 ,113 
1,20,157772,2239,190.1,4542596,110.4,6647,696,3949 ,2801 
2,20,158208,2721,159.8,6371321,112,6514,697,3238 ,2802 
3,20,158958,2909,180.1,4370045,111,6520,698,3583 ,2834 
4,20,158982,2720,181.3,4876886,113.3,6538,699,4344 ,4320 
5,20,159460,2637,175.1,4131401,115.8,6571,700,4344 ,3867 
6,20,160129,2263,170.7,4449974,114.3,6582,701,4500 ,3830 
7,20,160144,2494,183.7,4217322,113.6,6617,702,3772 ,3776 
8,20,160702,2178,174.9,4338655,112.7,6607,703,3942 ,3366 
9,20,161916,1746,155.3,4903162,111.7,6642,704,4740 ,3526 
10,20,163178,1510,179,4333869,110.4,6681,705,4656 ,3396 
11,20,164165,1427,187.9,4276651,108.2,6640,706,3788 ,2803 
12,20,164424,1584,171.8,5777761,108.4,6728,707,3142 ,2925 
13,20,165743,1685,184.4,5227980,110.9,6712,708,5491 ,4187 
14,20,166115,1881,151.3,5887738,109,6599,709,3938 ,3571 
15,20,166689,1839,172.7,4686448,108.7,6609,710,4401 ,3782 
16,20,167491,1740,187.2,4618229,109.1,6635,711,5612 ,4804 
17,20,167283,1852,178.9,4308653,108.2,6613,712,4752 ,4962 
18,20,167804,1700,168.2,4484241,107.4,6673,713,4267 ,3746 
19,20,168578,1673,188.4,4328973,113,6696,714,4571 ,3796 
20,20,169201,1655,169.5,4560675,110.6,6686,715,4037 ,3414 
21,20,170312,1603,164,5056744,111.1,6752,716,3835 ,2726 
22,20,170716,1819,177.9,4389393,109.8,6843,717,3860 ,3457 
23,20,171610,1304,179.5,4310039,109.1,6893,718,3621 ,2727 
24,20,172214,927,176.5,5855826,112.5,7055,719,3872 ,3268 
25,20,174473,2099,170.4,5617012,111.5,7044,720,6479 ,4343 
26,20,175292,1607,172.9,4816372,110.3,6945,721,5008 ,4498 
27,20,175405,1332,185.5,4829808,107.8,6786,722,5014 ,4937 
28,20,174621,1127,172,4400040,105.8,6755,723,3767 ,4579 
29,20,173471,974,161.6,4193872,95.8,6668,724,3411 ,4567 
30,20,172921,955,179.3,4393420,100.9,6556,725,4303 ,4854 
31,20,172474,837,183,4366607,103.8,6479,726,3436 ,3884 
32,20,172096,988,163.2,4393270,107.1,6398,727,3336 ,3741 
33,20,173291,1159,176,5120672,109.8,6304,728,5211 ,3804 
34,20,173383,1234,165.3,4442366,112.6,6251,729,4469 ,4377 
35,20,173707,1902,179.6,4387787,105.7,6206,730,5903 ,5606 
36,20,174054,1992,182.7,5894895,111.2,6106,731,3401 ,3199 
37,20,174330,2339,172.5,4801245,107.8,6052,732,4731 ,4467 
38,20,174448,2296,155.5,6226006,116.7,5976,733,5810 ,5711 
39,20,175254,2432,185.1,4735139,116.8,5861,734,6774 ,5954 
40,20,176491,2363,184.8,4520200,116.5,5690,735,7903 ,7007 
41,20,176969,2498,166.5,4354303,115,5651,736,5636 ,4958 
42,20,177818,2292,186.5,4638837,116.5,5570,737,6687 ,5869 
43,20,178257,2850,183.6,4652789,116.1,5609,738,6712 ,6274 
44,20,178173,2816,169.6,4554009,114.8,5599,739,6138 ,6343 
1,21,43733,324,184.5,4225941,132.9,108,696,1601 ,898 
2,21,43958,378,152.6,4385927,122.6,104,697,1063 ,851 
3,21,43920,623,171.8,4139441,124.2,103,698,1289 ,1327 
4,21,44504,387,175.1,4014788,127.1,109,699,1779 ,1194 
5,21,44743,396,167.9,3787992,135.4,112,700,1204 ,966 
6,21,45056,489,162.1,3900706,126.8,115,701,1190 ,877 
7,21,45469,542,182.7,3964688,128.9,118,702,1569 ,1156 
8,21,45621,503,164.5,3711814,133.3,116,703,1244 ,1093 
9,21,45821,446,143.4,4336853,123.4,114,704,1089 ,889 
10,21,46396,324,169.9,3838337,133.9,110,705,1336 ,762 
11,21,46657,317,180.8,3916059,131.4,111,706,1106 ,846 
12,21,47079,385,160,4067585,128.1,116,707,1297 ,869 
13,21,47707,490,181.4,5270945,125.1,121,708,1681 ,1063 
14,21,48202,430,142.1,3990641,127.8,117,709,1403 ,907 
15,21,48351,445,164.8,4616465,132,118,710,1382 ,1230 
16,21,48698,373,177.9,4218171,134.7,121,711,1399 ,1051 
17,21,48872,334,170,3908932,133.4,117,712,1123 ,947 
18,21,49071,303,153.7,4104430,128.8,115,713,1180 ,967 
19,21,49563,342,183.8,4175150,123.8,121,714,1498 ,1004 
20,21,49520,310,160.5,3940608,124.3,120,715,991 ,1032 
21,21,49886,361,155.2,4415394,133.3,130,716,1313 ,945 
22,21,50126,484,170.1,4172446,138.3,131,717,1166 ,924 
23,21,50539,389,172.8,4056310,138.4,137,718,1330 ,914 
24,21,50834,354,166.1,4583737,139.4,137,719,1265 ,969 
25,21,51627,406,161.2,5290502,143,140,720,1981 ,1284 
26,21,51835,436,165.2,4151480,143.1,136,721,1572 ,1370 
27,21,51588,441,178.2,4146180,146.9,143,722,1253 ,1582 
28,21,51886,458,165.9,4077632,142.5,144,723,1478 ,1159 
29,21,51966,454,155.4,3981437,145.7,149,724,1127 ,1047 
30,21,52943,421,177.7,3999141,147.2,148,725,2172 ,1188 
31,21,53017,435,182.4,4188183,150.6,148,726,1292 ,1221 
32,21,53082,552,150.9,3848384,146.1,145,727,1370 ,1305 
33,21,53384,560,168.9,4614976,142.7,143,728,1257 ,955 
34,21,53455,543,154.9,3946493,137.4,139,729,1180 ,1101 
35,21,53549,460,171.9,3932798,138.7,134,730,1121 ,1020 
36,21,53501,447,171.4,5698229,135.4,134,731,817 ,862 
37,21,53830,401,162.1,4496335,132.8,131,732,1819 ,1413 
38,21,53938,462,149.3,4591389,145.3,139,733,1417 ,1309 
39,21,54239,675,174.9,4339948,143.3,129,734,1777 ,1481 
40,21,54620,572,176.2,4134119,140,128,735,1908 ,1528 
41,21,54692,597,156.1,4108598,144,127,736,1215 ,1149 
42,21,54780,657,179.3,4102957,147,123,737,1342 ,1268 
43,21,55153,636,175.7,4274647,149.6,125,738,1606 ,1233 
44,21,55503,564,156.2,4158650,146,125,739,1463 ,1106 
1,22,275493,3291,199.4,3317965,96.1,27687,696,7568 ,8338 
2,22,276260,4171,167.7,3735050,95.1,27141,697,7764 ,6997 
3,22,279158,5590,193.5,3409672,93.7,26844,698,10644 ,7660 
4,22,278723,5518,191.6,3185869,95.3,26606,699,9190 ,9562 
5,22,277956,4593,191.1,3162370,97.8,26565,700,8236 ,8989 
6,22,277891,4149,184.3,3284707,95.4,26536,701,8008 ,8076 
7,22,276258,4058,194.6,3560420,93.4,26442,702,7626 ,9264 
8,22,275555,4503,188.8,3280826,96.8,26529,703,6822 ,7525 
9,22,275260,4790,164.3,3832383,94.3,26632,704,5469 ,5762 
10,22,276754,3953,195.1,3368367,95.9,26792,705,7279 ,5780 
11,22,277692,4095,198.8,3235536,96,26711,706,7425 ,6488 
12,22,278281,4102,182,3752838,94.8,26875,707,6259 ,5672 
13,22,278862,4174,199,3782088,97.1,26666,708,7740 ,7161 
14,22,277848,3396,158,3624809,92.9,26425,709,5754 ,6789 
15,22,277775,3615,184.7,3451384,94.4,26301,710,8124 ,8219 
16,22,279162,3994,198.3,3599767,95.4,26437,711,9168 ,7788 
17,22,277641,3514,193.6,3318832,94.1,26073,712,7633 ,9159 
18,22,277267,3239,179.4,3354705,93.3,26002,713,6074 ,6454 
19,22,276491,4107,199.1,3733156,95,25978,714,7004 ,7786 
20,22,275767,2807,176.5,3382542,89.3,26112,715,6824 ,7554 
21,22,274852,3680,169.8,3891110,92.6,25961,716,4754 ,5680 
22,22,274980,3448,189.4,3357054,90.9,26025,717,6855 ,6733 
23,22,274553,2827,189.4,3317581,90.3,25804,718,5621 ,6054 
24,22,272393,2960,185.8,3864780,91.6,26094,719,4618 ,6784 
25,22,272692,2785,175.3,3996848,92.1,25942,720,5706 ,5711 
26,22,272599,2725,175.6,3354456,86.4,25554,721,6573 ,6656 
27,22,271375,2182,190.6,3471483,90.7,24779,722,5831 ,7024 
28,22,269320,1787,171.9,3280127,81,24353,723,5159 ,7215 
29,22,263639,1832,158,3200102,74.1,23995,724,4205 ,9988 
30,22,263068,2485,179.6,3283297,81.5,23656,725,6903 ,7370 
31,22,263814,2207,190.8,3630971,88.6,23369,726,6104 ,5358 
32,22,263296,2949,168.4,3370167,87.9,23092,727,5637 ,6136 
33,22,264187,3193,184.9,3913351,91.4,22853,728,7421 ,6540 
34,22,265509,3470,172.5,3428435,92.1,22581,729,6781 ,5450 
35,22,264986,3498,184.8,3409791,93.1,22261,730,5521 ,6051 
36,22,264499,3322,189.8,4007568,91.7,21901,731,7415 ,8157 
37,22,264280,3015,177.4,3793069,92.1,21631,732,7002 ,7330 
38,22,264606,3436,158.5,3922866,94.3,21182,733,6608 ,6267 
39,22,264048,3339,190.2,3580375,94.2,20739,734,8249 ,8959 
40,22,262207,3576,191.2,3498391,90.4,20269,735,7706 ,9349 
41,22,263089,3797,172.5,3508584,87.5,20219,736,7180 ,6298 
42,22,262816,4040,189.7,3497906,88.6,19919,737,6865 ,7141 
43,22,263154,3497,186.8,3900623,89,20155,738,6742 ,6413 
44,22,263704,3495,172.5,3543441,87.9,20113,739,5848 ,5297 
1,23,110743,1578,195.7,4121060,104.9,7156,696,2882 ,2267 
2,23,111231,1644,161.6,4040906,109.1,7052,697,2479 ,2063 
3,23,111729,2119,187.8,3590047,107.2,7002,698,3071 ,2855 
4,23,111629,1956,189.5,3500154,105.6,6978,699,3252 ,3151 
5,23,112003,1577,186.5,3519260,107.3,7007,700,3158 ,2909 
6,23,112464,1684,182.3,3893072,111.2,7057,701,3245 ,3053 
7,23,111992,1525,191.6,3713222,110.7,7131,702,3469 ,3720 
8,23,111636,2008,184,3573609,102.6,7142,703,3027 ,3384 
9,23,112403,1700,161.9,4216792,109.3,7156,704,2852 ,2247 
10,23,112996,1694,189.4,3593929,109.1,7225,705,3307 ,2765 
11,23,113690,1589,195.9,3574752,107.6,7213,706,2418 ,1996 
12,23,112802,1459,183,4574669,105.6,7287,707,2333 ,3166 
13,23,112991,1452,189.9,4730102,114,7194,708,3180 ,3083 
14,23,113346,1774,155.6,4138695,103,7089,709,2159 ,2017 
15,23,114283,1538,179.6,3760516,102.7,7040,710,3718 ,3117 
16,23,114655,1257,193.5,3696929,104.3,7111,711,3562 ,3235 
17,23,114186,1375,188.6,3633357,103.3,7093,712,3118 ,2862 
18,23,114701,1128,175.4,3957327,103,7138,713,3398 ,2949 
19,23,113759,1081,196.5,3933192,108.4,7146,714,3151 ,3573 
20,23,114837,1042,179.7,3799380,106.5,7117,715,3091 ,2659 
21,23,115290,1074,167.2,4249604,99.5,7184,716,3121 ,2748 
22,23,114877,1012,185.4,3720518,101.3,7212,717,2674 ,3145 
23,23,114678,875,188.5,3861415,102.1,7154,718,3257 ,3659 
24,23,114279,1133,186.3,4679380,104.6,7261,719,3869 ,4324 
25,23,113053,811,169,4788191,101.5,7218,720,3666 ,3687 
26,23,113252,810,172.6,3824455,101,7093,721,2979 ,2816 
27,23,113187,585,186.2,3840662,100.5,6895,722,4353 ,4526 
28,23,112332,657,177.8,3741805,100.4,6732,723,3697 ,4432 
29,23,112725,681,167.4,3692319,86.8,6644,724,4346 ,4281 
30,23,112467,698,184.6,3704805,93.7,6529,725,6142 ,6380 
31,23,112754,644,189,4092463,90.6,6413,726,3033 ,2757 
32,23,113034,643,167.1,3709151,88.5,6339,727,2958 ,2714 
33,23,112437,801,182.9,4501953,98.8,6236,728,2632 ,3252 
34,23,112376,759,168.5,3877552,101.5,6175,729,2823 ,2929 
35,23,112631,910,184.3,3774925,98.6,6027,730,3487 ,3191 
36,23,110531,1065,188.2,4605757,100.1,5950,731,4322 ,6377 
37,23,109986,1306,174.9,4192369,102.1,5832,732,3779 ,3549 
38,23,110274,1405,156.7,4489164,110.4,5702,733,3255 ,3066 
39,23,111520,1777,187.4,3899591,103.7,5566,734,5838 ,4593 
40,23,110851,1983,190.8,3790736,99.6,5469,735,3834 ,4653 
41,23,111649,2009,172.8,3927650,94.8,5429,736,5503 ,4857 
42,23,111949,2076,188,3895895,96.3,5311,737,4527 ,4785 
43,23,112399,2279,187.3,4208273,100.2,5334,738,4848 ,4415 
44,23,111998,2193,174.1,3896097,96.2,5291,739,3326 ,3862 
1,24,158494,2867,197.3,5089114,100.5,9040,696,4121 ,3778 
2,24,158023,2360,169.4,5008082,101.3,8878,697,3178 ,3660 
3,24,157165,2458,188.9,4449251,98.3,8774,698,4007 ,4859 
4,24,157098,2469,190.3,4149589,100.2,8669,699,4138 ,4207 
5,24,157181,2891,188,4105833,102.3,8609,700,3832 ,3749 
6,24,157517,2566,183.1,4322377,101.4,8615,701,3677 ,3340 
7,24,158006,2730,189.5,4221899,100.3,8589,702,3943 ,3450 
8,24,158774,2281,182.9,4255623,100.5,8586,703,4244 ,3476 
9,24,158547,2309,165.4,5031994,99.2,8568,704,3284 ,3511 
10,24,159218,2126,183.9,4493651,100,8672,705,3786 ,3116 
11,24,159939,1971,192.7,4435514,100.7,8591,706,3525 ,2809 
12,24,160343,2292,180.4,4883084,97.7,8701,707,3365 ,2961 
13,24,160588,1702,189.6,4975172,100.2,8653,708,3992 ,3747 
14,24,160154,1912,159.5,4626373,98,8515,709,2388 ,2822 
15,24,160150,2098,181,4178494,99.5,8475,710,3504 ,3503 
16,24,160646,1910,189.9,4225570,99,8448,711,4182 ,3692 
17,24,161048,1654,184.6,4194119,98.2,8400,712,3494 ,3087 
18,24,160264,1803,176.3,4342201,98.4,8342,713,3193 ,3997 
19,24,160261,1604,191.6,4364051,99.4,8385,714,3504 ,3507 
20,24,159459,1690,173.1,4373090,95.4,8303,715,2886 ,3688 
21,24,159829,1529,169.6,4997195,97.2,8313,716,3998 ,3628 
22,24,160455,1130,180.4,4272879,95.7,8324,717,3352 ,2726 
23,24,160115,1361,186,4077200,96.1,8247,718,2894 ,3234 
24,24,160667,1660,182.1,4928473,96.1,8417,719,3515 ,2963 
25,24,159822,1279,173.5,5117118,96.8,8359,720,2517 ,3454 
26,24,159573,1331,177,4314062,97.2,8195,721,3001 ,3255 
27,24,158503,1632,188.3,4801170,96.3,7943,722,2714 ,3783 
28,24,157881,1356,177.7,4308016,93.1,7763,723,2402 ,2986 
29,24,157535,922,164.8,4122225,83,7589,724,2299 ,2697 
30,24,156961,1220,179.4,4308398,82.3,7437,725,2091 ,2665 
31,24,156370,1069,179.8,4412079,84.7,7243,726,2431 ,3000 
32,24,156077,1482,164.9,4253967,87.6,7110,727,2535 ,2827 
33,24,155283,1701,178,5071040,93.7,6989,728,2255 ,3161 
34,24,154440,1450,169.2,4438702,94.8,6849,729,3167 ,4000 
35,24,154293,1584,183.1,4179192,95.3,6656,730,2825 ,2956 
36,24,153477,1395,187.4,5143846,97.1,6551,731,3161 ,3993 
37,24,153411,1294,174.9,4504350,93,6436,732,4637 ,4506 
38,24,153184,1495,162.9,5080364,98.6,6302,733,3179 ,3406 
39,24,153447,1850,186.4,4382654,96.5,6148,734,3834 ,3559 
40,24,153442,1997,187.3,4852923,98.3,5952,735,3872 ,3875 
41,24,153022,2184,173.4,4291044,96.2,5923,736,4467 ,4863 
42,24,153084,2141,187,4527489,97.6,5804,737,4289 ,4232 
43,24,152977,2032,185.1,4694029,99.1,5833,738,3492 ,3764 
44,24,153046,2168,172.7,4442245,98.9,5790,739,3835 ,3732 
1,25,408045,5191,190.7,3241368,91.4,33326,696,15477 ,16152 
2,25,405077,7842,160.4,3464029,89.1,32597,697,11215 ,14181 
3,25,404294,7280,184.8,3109369,88,32402,698,23489 ,24298 
4,25,403639,7626,186.2,3138655,89.5,32239,699,18932 ,19600 
5,25,403568,9038,180.8,3124864,90.4,32389,700,18579 ,18665 
6,25,404169,7740,175.4,3180160,86.7,32695,701,20616 ,19938 
7,25,403521,7549,187.2,3391424,89.4,32615,702,18077 ,18725 
8,25,402249,8440,179.8,3149756,90.1,32656,703,16651 ,17924 
9,25,399929,8770,157.3,3626900,87.5,32793,704,18485 ,20797 
10,25,401277,8194,182.3,3288984,91.5,33314,705,22427 ,21087 
11,25,402191,8483,188.9,3157654,91.5,33523,706,19147 ,18234 
12,25,401744,5969,174,3411908,86.7,34076,707,24414 ,24860 
13,25,405059,5319,186.1,3540106,89.3,34047,708,21198 ,17732 
14,25,403555,4785,149.4,3447575,86.4,33849,709,18152 ,19657 
15,25,400951,4154,175.2,3240811,88.5,33662,710,17133 ,19738 
16,25,403789,4050,188.5,3236372,88.4,34155,711,21395 ,18562 
17,25,406072,5600,183.3,3228194,86,33870,712,18667 ,16385 
18,25,402322,5467,168.4,3259091,84.6,34120,713,20102 ,23853 
19,25,403197,5288,189,3497323,88.6,34334,714,18166 ,17293 
20,25,403982,4987,169.1,3322016,87.5,34285,715,17163 ,16379 
21,25,405382,4128,163.1,3635570,89,34500,716,19547 ,18152 
22,25,405254,4047,179.8,3274214,88.1,34625,717,18975 ,19135 
23,25,405213,3947,180.8,3173155,85.3,34408,718,17315 ,17358 
24,25,406527,4506,180.2,3466760,87,35073,719,18900 ,17588 
25,25,406706,3904,170.2,3795065,87.6,34930,720,10781 ,10579 
26,25,403136,5588,171.7,3241861,86.3,34276,721,13682 ,17252 
27,25,402704,4629,187.8,3285396,87.4,33335,722,15369 ,15799 
28,25,396644,3184,172.2,3251500,84.1,32842,723,11178 ,17170 
29,25,392969,2805,158.3,3164268,72.3,32355,724,9943 ,13687 
30,25,393535,2215,177.8,3169114,74.7,31859,725,13122 ,12548 
31,25,392799,3319,183.4,3360401,78,31310,726,17613 ,18315 
32,25,388673,5009,161.2,3263073,76,30778,727,15089 ,19215 
33,25,386244,3901,175.4,3636681,79.6,30231,728,17314 ,19656 
34,25,386211,3393,163.2,3274737,80,29650,729,14351 ,14414 
35,25,385031,3855,179.4,3274219,79.8,29089,730,12965 ,14146 
36,25,385319,3431,183.9,3472359,80.3,28649,731,13712 ,13394 
37,25,382670,3512,172,3503475,79.3,28275,732,16952 ,19641 
38,25,382393,4416,152.3,3573444,85,27586,733,16372 ,16649 
39,25,383319,6012,184.9,3333842,81.1,26929,734,16105 ,15177 
40,25,386966,6745,185.3,3375639,78.3,26210,735,19535 ,15949 
41,25,385538,5967,167.2,3367994,76,26070,736,15319 ,17012 
42,25,385808,7440,185.5,3359216,75.7,25619,737,18567 ,18373 
43,25,385116,7887,185.5,3642943,74.5,25802,738,14616 ,15490 
44,25,383846,8148,168.6,3398667,70.2,25659,739,14868 ,16390 
1,26,397461,2927,180.9,11935664,119.1,3634,696,12146 ,10213 
2,26,397548,3308,155.1,7486081,122.4,3546,697,9992 ,9822 
3,26,397160,3075,169.2,4666673,125.3,3513,698,12223 ,12613 
4,26,395748,3360,173.9,4210664,128,3460,699,9586 ,10951 
5,26,397697,3370,168.3,4173327,120.2,3456,700,11129 ,9233 
6,26,396272,3381,163.2,4320271,132.8,3454,701,11022 ,12582 
7,26,399543,3094,179.4,5110493,136.5,3391,702,13531 ,10207 
8,26,400515,3075,177,4187121,129.1,3393,703,9947 ,8957 
9,26,400709,2727,155.4,5735443,127.2,3343,704,8627 ,8433 
10,26,401020,2224,173.8,4309618,128.9,3344,705,8047 ,7892 
11,26,399469,2268,181.1,4194785,122.4,3313,706,8238 ,9768 
12,26,398085,2659,168.9,7261803,121.4,3283,707,8493 ,9879 
13,26,400344,1752,178.3,13564804,117.5,3228,708,10870 ,8625 
14,26,399482,1848,148.5,7426512,119.6,3186,709,8465 ,9372 
15,26,398197,2242,167.7,5097424,120.8,3163,710,10001 ,11234 
16,26,396490,2392,184.4,4407654,125.9,3150,711,8730 ,10541 
17,26,395099,2477,175.2,4363983,126.9,3103,712,9062 ,10402 
18,26,395201,2033,166.6,4481737,135.9,3059,713,10569 ,10470 
19,26,393331,2273,186.6,5569368,136.5,3061,714,8359 ,10130 
20,26,393415,2226,171.8,4406915,136.2,3048,715,8390 ,8309 
21,26,391930,1691,166.3,5988709,135.7,3051,716,6831 ,8372 
22,26,390481,1842,174.5,4393316,136.1,3042,717,8012 ,9464 
23,26,386686,2095,177.9,4346562,145.5,3022,718,7470 ,11401 
24,26,382786,1814,174.6,5564002,147.1,3069,719,6426 ,10220 
25,26,383540,1730,167.4,11105785,141.3,3057,720,8507 ,7494 
26,26,383020,1414,168.5,4683569,152.3,3001,721,8092 ,8574 
27,26,383624,1490,181.4,4732715,153.6,2919,722,9928 ,9233 
28,26,382072,1437,171.7,5095781,132,2874,723,7071 ,8624 
29,26,381939,1930,160.4,4492825,136.3,2819,724,8375 ,8542 
30,26,380040,1956,180.9,4540718,150.5,2740,725,6132 ,8074 
31,26,382054,2223,183.6,5517746,144.2,2684,726,9963 ,7966 
32,26,382645,1821,167.2,5213205,146.5,2643,727,8888 ,8222 
33,26,386531,2114,175.9,6047822,153.3,2601,728,9807 ,5957 
34,26,385608,2107,161.6,4638552,144,2553,729,8500 ,9587 
35,26,387098,2133,177.3,4469756,153.7,2499,730,8511 ,6981 
36,26,386815,1727,178.6,6434820,168.3,2479,731,8219 ,8512 
37,26,388681,1864,167.6,12591539,164.2,2455,732,10083 ,8304 
38,26,388870,2145,155.3,7385603,170.8,2402,733,8313 ,8091 
39,26,390340,2389,178,5084338,174.6,2329,734,11347 ,9887 
40,26,388722,2451,180.6,5400794,162.4,2268,735,8204 ,9783 
41,26,389161,2761,163,4749451,165.9,2235,736,8433 ,7993 
42,26,389622,2168,181.9,5128595,175.6,2188,737,9859 ,9365 
43,26,393337,2380,180.4,5995277,176.2,2214,738,14033 ,10350 
44,26,393374,2641,170.3,4749460,182,2215,739,9934 ,9901 
1,27,124217,1829,180.2,3293908,124.8,659,696,4168 ,3476 
2,27,124206,1903,149.9,3575351,136.7,637,697,3421 ,3447 
3,27,124513,2155,173.4,3209262,133.9,636,698,3945 ,3796 
4,27,124132,2747,174.4,3258038,136.7,649,699,3810 ,4128 
5,27,124201,2290,168.7,3234923,137.7,652,700,3599 ,3532 
6,27,124191,2275,160.6,3408087,138.6,656,701,3491 ,3498 
7,27,123969,2153,178.3,3601797,139.9,647,702,3016 ,3254 
8,27,125196,1983,173.1,3232474,145.2,656,703,4639 ,3417 
9,27,124126,1910,146.1,3724418,144,645,704,3416 ,4546 
10,27,124680,1738,172.2,3205023,142.5,648,705,4468 ,4076 
11,27,125428,1440,181.3,3205714,130,641,706,3795 ,3094 
12,27,125682,1626,164.7,4107247,126.5,658,707,3054 ,2748 
13,27,127294,1867,178.4,3919596,125.1,650,708,4758 ,3179 
14,27,127333,1725,140.7,3389030,119.8,649,709,4204 ,4170 
15,27,127128,1450,164,3386435,120.9,654,710,4379 ,4521 
16,27,126744,1384,178.2,3386827,122.6,660,711,4255 ,4682 
17,27,126678,1561,170.2,3392469,122.7,654,712,3713 ,3694 
18,27,127417,1368,156.8,3377300,115.1,668,713,4364 ,3630 
19,27,127394,1489,181.8,3617479,120.3,680,714,3379 ,3406 
20,27,127910,1460,161.8,3539904,113.4,683,715,3436 ,2923 
21,27,127538,1596,153.7,3723615,118.5,687,716,3655 ,3997 
22,27,127387,1412,168.4,3386862,120.9,692,717,3472 ,3662 
23,27,127376,1080,169.9,3476920,120.9,701,718,3150 ,3094 
24,27,127228,1208,166.7,4104140,124,691,719,3346 ,3497 
25,27,128114,1956,161.5,4140293,122.6,684,720,4799 ,3912 
26,27,128328,1638,162.1,3450374,124.6,673,721,4474 ,4341 
27,27,128302,1546,175,3580248,126.9,654,722,4373 ,4353 
28,27,125889,763,160.6,3455721,119,629,723,4404 ,6844 
29,27,125219,1201,149.7,3476203,107.9,609,724,4104 ,4762 
30,27,124534,1417,175.4,3532465,121.5,590,725,4152 ,4837 
31,27,124404,1311,180.1,3839647,121.2,587,726,4630 ,4760 
32,27,124533,1417,156.4,3615174,125.7,574,727,4902 ,4705 
33,27,125013,1165,167.8,4046433,128.1,555,728,4934 ,4519 
34,27,125473,1636,154.6,3545771,133.6,538,729,4859 ,4535 
35,27,125308,1623,171.3,3926729,134.8,529,730,4613 ,4753 
36,27,126301,1306,173.2,4324605,138.6,510,731,4115 ,3071 
37,27,126813,1793,162.9,4156834,141,503,732,4741 ,4069 
38,27,126794,1855,147.5,4158808,153.5,484,733,3955 ,3996 
39,27,127862,1662,174.4,3733709,151.9,473,734,5510 ,4443 
40,27,128356,1966,176.5,3655541,148.6,462,735,4660 ,4142 
41,27,128542,2430,153.3,3690603,154.9,473,736,4012 ,3826 
42,27,128654,2264,175.6,3634621,148.2,466,737,4470 ,4355 
43,27,129345,2165,174.2,4179169,152.1,476,738,4178 ,3493 
44,27,129663,2002,162.1,3680345,140,490,739,3645 ,3321 
1,28,243174,2876,181.8,3656374,105.5,4516,696,9858 ,7644 
2,28,242061,2704,153.3,3930834,108.8,4440,697,8856 ,9997 
3,28,242633,2997,176.2,3384229,104.1,4414,698,10342 ,9763 
4,28,242654,3353,176.7,3490387,106.7,4361,699,9330 ,9245 
5,28,242500,3342,173.2,3347789,108.2,4313,700,7311 ,7858 
6,28,242065,2883,166.7,3585713,107.4,4324,701,8620 ,8798 
7,28,244449,2927,179.8,3665418,106.1,4295,702,10124 ,7721 
8,28,246048,2988,169.3,3468955,112.1,4318,703,10459 ,8922 
9,28,246625,2715,152.3,4154227,103.9,4335,704,8691 ,8023 
10,28,247860,2623,175.9,3531058,106.2,4364,705,10379 ,9306 
11,28,248329,2477,184.2,3444006,107.6,4422,706,8931 ,8517 
12,28,248524,2300,167.2,4236051,107.9,4467,707,8936 ,8638 
13,28,248826,1753,182.3,4231292,107.8,4386,708,10424 ,10186 
14,28,249948,1955,145.7,3838618,105,4349,709,7737 ,6468 
15,28,247569,2111,168.8,3629636,107.1,4335,710,9940 ,12436 
16,28,248006,1983,181.8,3547794,110.6,4368,711,9157 ,8899 
17,28,247610,1750,175.7,3500151,108.3,4380,712,9118 ,9341 
18,28,246794,2198,164.6,3564897,108.7,4356,713,8507 ,9114 
19,28,248392,2796,185.9,3776354,113.1,4383,714,9590 ,8237 
20,28,248186,3539,164.7,3753399,109,4369,715,9250 ,9402 
21,28,248352,2792,160.8,3987895,109.6,4355,716,7604 ,7445 
22,28,249088,3004,175.2,3603545,110.9,4363,717,9667 ,8811 
23,28,248588,2495,175.2,3547317,106.4,4304,718,10596 ,11099 
24,28,249310,2822,170.7,4312951,116.8,4381,719,10255 ,9798 
25,28,250213,2336,163.8,4368257,109.6,4371,720,9593 ,8540 
26,28,250312,2012,165.2,3626961,101.6,4302,721,9358 ,9424 
27,28,249336,1620,177.7,3603683,109.3,4166,722,9431 ,10285 
28,28,248472,1674,164.2,3636412,107.8,4076,723,7297 ,8161 
29,28,248777,1047,150.1,3488212,95.1,3999,724,8025 ,7682 
30,28,245665,1788,173.5,3614707,107.5,3954,725,7607 ,10660 
31,28,246574,1972,179,3821576,110.1,3896,726,9747 ,8910 
32,28,247321,1708,152.3,3692577,109,3855,727,7714 ,6928 
33,28,247149,1767,173.4,4243147,112.8,3787,728,7827 ,7755 
34,28,247563,1356,156.5,3813580,110,3714,729,8034 ,7396 
35,28,248667,1343,174,3654731,112,3643,730,7905 ,6941 
36,28,246332,1966,176.5,4384170,119.7,3610,731,6725 ,9214 
37,28,248053,1839,165.3,4045443,114.4,3566,732,10672 ,8885 
38,28,248463,2546,151,4244446,113.2,3489,733,7779 ,7073 
39,28,249441,2613,177.2,3991604,118.6,3420,734,10050 ,9229 
40,28,250266,3305,178.2,3755473,115.5,3324,735,9276 ,8590 
41,28,251258,2913,158.4,3663050,112.1,3308,736,8170 ,7249 
42,28,251467,3844,179.7,3788599,116.2,3250,737,8263 ,8759 
43,28,251548,3671,178.4,4076801,117.4,3274,738,8517 ,7971 
44,28,252236,4044,160.2,3816604,114.7,3242,739,7940 ,7199 
1,29,437734,9773,195.2,3484120,118.9,18741,696,13741 ,13769 
2,29,436686,9012,162.3,4578292,118.4,18400,697,13243 ,14271 
3,29,436010,9125,188.1,3466555,114.2,18313,698,14299 ,14971 
4,29,437062,7420,187.3,3436647,115.1,18183,699,16430 ,15378 
5,29,437367,8493,183,3396625,115.9,18213,700,13049 ,12745 
6,29,438565,6896,176.7,3356183,111.5,18246,701,14936 ,13738 
7,29,438284,6808,190.5,3561487,111.2,18309,702,11578 ,11860 
8,29,438015,6749,180.9,3415953,110.4,18393,703,10238 ,10512 
9,29,436852,7096,155.4,3857421,108.9,18395,704,9505 ,10668 
10,29,439584,8179,185.4,3403903,109.2,18634,705,12860 ,10129 
11,29,440461,7172,190.9,3254485,107.3,18549,706,15860 ,14983 
12,29,439698,6342,176.4,3848656,105.9,18730,707,10065 ,10829 
13,29,441108,4186,192.3,4234551,102.5,18492,708,14957 ,13486 
14,29,440897,5399,152.4,4096940,102.1,18281,709,11973 ,12185 
15,29,443778,5188,179.1,3584753,103.8,18143,710,13984 ,11282 
16,29,442190,4545,192.8,3453584,104,18336,711,13582 ,15373 
17,29,442146,5367,186.2,3414069,101.9,18161,712,10961 ,11005 
18,29,442113,5449,170.4,3433658,101.8,18102,713,12888 ,12919 
19,29,439314,4966,193.1,3794579,102.1,18146,714,10250 ,13049 
20,29,439632,4315,172,3512471,103.3,18138,715,10251 ,9934 
21,29,438909,4836,163.8,4032323,109,18174,716,10421 ,11136 
22,29,440343,5348,180.9,3519304,106.2,18194,717,11851 ,10595 
23,29,439830,5106,180.8,3375845,103.5,18041,718,11676 ,12191 
24,29,441693,5770,179.8,4156981,119,18369,719,11969 ,10114 
25,29,442481,6102,170.2,4283633,107.1,18307,720,12219 ,11114 
26,29,442007,6119,175.4,3798320,103.7,18021,721,12807 ,13306 
27,29,442448,5755,190.2,3635375,109.2,17558,722,12205 ,11932 
28,29,440345,4262,174.1,3553245,109.6,17207,723,11836 ,14101 
29,29,437676,3664,161,3438868,96.2,16844,724,10870 ,13533 
30,29,435193,4338,179.9,3497846,104.3,16434,725,10048 ,12525 
31,29,433719,5622,188.5,3667421,110.7,16033,726,14557 ,16055 
32,29,432120,6124,163.6,3486787,110,15810,727,12902 ,14586 
33,29,430767,5192,177.1,3961251,109.6,15486,728,11885 ,13265 
34,29,431762,5685,162.9,3506107,111.8,15200,729,13533 ,12707 
35,29,430478,5961,179.1,3526766,115.3,14978,730,12087 ,13489 
36,29,433528,5269,182.9,4217613,120.1,14816,731,14421 ,11421 
37,29,434587,6153,173,3710894,117.3,14647,732,14709 ,13240 
38,29,436055,7695,156.5,4325989,120.8,14333,733,12767 ,11490 
39,29,437011,8641,187.7,3800819,116.8,14035,734,12835 ,11690 
40,29,439089,8690,187.2,3674987,123.8,13697,735,16148 ,14142 
41,29,438676,8204,168.1,3652331,118.4,13638,736,12102 ,12549 
42,29,439193,7409,188.5,3701827,120.2,13458,737,13783 ,13217 
43,29,439491,6975,187.2,3852345,120.1,13634,738,13301 ,13003 
44,29,439891,7609,170.1,3724912,116.9,13564,739,13771 ,13372 
1,30,358344,2555,186.7,6495899,87.6,16585,696,8007 ,9860 
2,30,357087,2779,154.2,5432036,93,16179,697,7023 ,8285 
3,30,355906,3272,187.3,3889719,89.3,15953,698,7595 ,8777 
4,30,353731,3615,182.8,4507563,95,15702,699,7829 ,10000 
5,30,352572,3529,179.5,3881078,99,15687,700,8243 ,9403 
6,30,351773,3091,173.7,4577846,94.2,15527,701,7921 ,8721 
7,30,352853,4021,176.4,5349976,86.9,15509,702,8175 ,7086 
8,30,355156,3813,171.7,5082920,105.5,15533,703,9171 ,6854 
9,30,354759,4295,151.8,4983973,97.2,15567,704,6839 ,7237 
10,30,355421,3999,185.2,4688314,97,15687,705,8001 ,7339 
11,30,355685,3080,190.1,3723157,97.3,15679,706,7694 ,7514 
12,30,358266,2478,176.2,7198549,94.7,15761,707,8925 ,6261 
13,30,354454,3087,189.4,4527153,97.7,15558,708,7295 ,11091 
14,30,354225,3045,147.7,5058311,90.5,15330,709,7156 ,7386 
15,30,354095,2855,180.2,4255061,92.9,15028,710,7053 ,7183 
16,30,354719,3504,191.9,4664392,95.5,14981,711,7614 ,6990 
17,30,354355,2857,187.5,4009544,95,14842,712,6738 ,7122 
18,30,354954,2591,172.2,4539329,93.7,14741,713,6374 ,5774 
19,30,355237,2406,194.7,4607419,95.9,14728,714,6402 ,6119 
20,30,354676,2517,157.1,5099336,92.8,14676,715,5299 ,5838 
21,30,355563,2853,160.7,5537379,94.5,14633,716,6711 ,5827 
22,30,355719,2700,185,5471540,91.2,14594,717,6511 ,6355 
23,30,355598,2215,183.1,4074436,86.5,14421,718,6144 ,6266 
24,30,355306,2398,181.3,6721531,90.7,14565,719,5493 ,5784 
25,30,352627,2037,163.1,5917122,90.5,14507,720,6720 ,9276 
26,30,351115,2097,159,4084398,64.1,14081,721,5242 ,6753 
27,30,351278,1531,189.5,4486931,93,13516,722,6937 ,6748 
28,30,347669,1386,165.6,4195008,82.6,13111,723,5846 ,9454 
29,30,348013,1127,143,3911222,62.5,12679,724,7303 ,6958 
30,30,345659,974,168.6,3991813,76.5,12223,725,7069 ,9429 
31,30,345551,1639,185.2,4753980,88.1,11939,726,10387 ,10494 
32,30,344834,2355,147,4296483,89.5,11834,727,4859 ,5588 
33,30,346350,2141,181.6,5665024,95,11732,728,6697 ,5182 
34,30,347214,1637,170.9,4470404,96.5,11650,729,7020 ,6155 
35,30,349173,2299,182,4245366,90.3,11528,730,7449 ,5490 
36,30,348946,2691,185.3,7002809,83.1,11416,731,6382 ,6609 
37,30,346469,2216,174.8,4475367,93.6,11216,732,9047 ,11568 
38,30,346601,2507,154.1,5120487,96.4,10940,733,7102 ,6940 
39,30,347902,3117,189.7,4491501,92.8,10593,734,8959 ,7710 
40,30,346236,3529,184.6,4290595,91.9,10382,735,8134 ,9805 
41,30,346891,3604,161.7,4197382,83.4,10283,736,7293 ,6636 
42,30,346902,3630,184.2,4207783,88.8,10099,737,8486 ,8567 
43,30,346970,3229,181.6,6170377,85.2,10230,738,8046 ,8015 
44,30,346777,3344,154.9,5334407,87.8,10179,739,6598 ,6709 
1,31,142705,896,175,3881694,59.5,5122,696,3660 ,6033 
2,31,140057,1018,147.8,5077972,58.4,4911,697,4028 ,6676 
3,31,139073,1348,169.6,6902236,57.6,4806,698,4602 ,5587 
4,31,138710,1212,172.4,3792160,60,4670,699,3332 ,3695 
5,31,138360,1440,167.3,3657225,60.5,4618,700,4223 ,4660 
6,31,139048,1451,163.8,4288223,62.8,4579,701,5102 ,4414 
7,31,134542,1443,175.4,4362039,59.8,4539,702,4627 ,9046 
8,31,134498,877,157.3,4138110,62.9,4490,703,4521 ,4572 
9,31,133561,1316,151.4,5601824,61.5,4576,704,3621 ,4558 
10,31,132857,929,185.9,4591891,64,4698,705,4247 ,4951 
11,31,133509,983,191,3694603,64.8,4766,706,3773 ,3122 
12,31,132156,1324,172.4,6032662,68.9,4942,707,2938 ,4291 
13,31,131028,1063,186.2,5391699,68.8,4849,708,5578 ,6706 
14,31,130374,1160,148.8,4728671,64.8,4836,709,4586 ,5241 
15,31,130974,1405,178.7,5016853,68.9,4792,710,4125 ,3525 
16,31,130439,1575,188.4,4146691,70.7,4955,711,4111 ,4646 
17,31,130114,1607,184.7,3834021,71.7,4982,712,3572 ,3927 
18,31,129363,1726,170.7,4498327,69.4,5106,713,3984 ,4735 
19,31,129939,1899,183.7,4511462,74.6,5222,714,4392 ,3816 
20,31,130902,1385,155.7,4464780,74.3,5276,715,4003 ,3039 
21,31,131035,1328,162.3,5307105,76.6,5387,716,3630 ,3497 
22,31,131094,1485,183.5,5033772,76.3,5462,717,2715 ,2642 
23,31,131175,981,185.4,3835855,74,5473,718,3152 ,3070 
24,31,132258,935,180.4,6206176,76.8,5541,719,5294 ,4212 
25,31,132141,419,165.7,5189178,75,5518,720,3833 ,4318 
26,31,131559,881,174.6,3989245,74.7,5341,721,2901 ,3447 
27,31,131753,786,188.1,4556355,74.2,5064,722,4355 ,4137 
28,31,131310,632,177.5,4087260,71.5,4936,723,3335 ,3731 
29,31,131287,548,162.9,4149345,67.4,4843,724,3549 ,3525 
30,31,129884,772,180.8,4344608,67,4716,725,4014 ,5409 
31,31,131134,793,181.6,4417588,69.3,4501,726,4307 ,3060 
32,31,129706,408,130.6,4195731,68.4,4399,727,2909 ,4359 
33,31,129866,356,171.4,5346519,69,4296,728,3544 ,3362 
34,31,129685,368,159.7,3919814,68.5,4061,729,2978 ,3210 
35,31,130523,385,173.2,3736962,68.1,3920,730,3384 ,2544 
36,31,130242,536,173.6,5879187,68.7,3759,731,2435 ,2649 
37,31,129189,494,166.2,4466285,61.9,3561,732,4926 ,5970 
38,31,128351,709,144.8,4952899,57.9,3435,733,3725 ,4574 
39,31,127145,944,177.8,4618102,59.5,3216,734,4293 ,5528 
40,31,126401,1114,178.3,4311562,59.3,3031,735,4728 ,5473 
41,31,126710,751,156.5,3988538,60.4,2959,736,4474 ,4132 
42,31,127269,1250,179.7,4426495,59.1,2807,737,5008 ,4431 
43,31,126710,1264,171,6024311,60,2846,738,4252 ,4753 
44,31,126862,1235,135.1,4282258,57.7,2828,739,3331 ,3202 
1,32,51764,1569,184.1,2897781,98.6,6445,696,2556 ,2687 
2,32,51725,1468,153.9,3291259,101.5,6320,697,2487 ,2527 
3,32,51921,1428,183.8,2783403,104.5,6259,698,2928 ,2732 
4,32,52181,1541,178.6,2905100,107.3,6188,699,3120 ,2860 
5,32,52025,1900,176.6,2756933,106.3,6287,700,2921 ,3077 
6,32,52000,1748,170.5,2926567,104.7,6418,701,2946 ,2971 
7,32,52747,2066,182.5,2985374,104.4,6421,702,3670 ,2924 
8,32,52734,1754,177.6,2955262,101.5,6426,703,2339 ,2329 
9,32,52474,1899,149.4,3332317,97.1,6430,704,3302 ,3562 
10,32,52970,1633,178.2,2959041,100.9,6564,705,3646 ,3150 
11,32,53409,1524,185.3,2714574,100.8,6544,706,2571 ,2131 
12,32,53268,1668,170.1,3457321,104.6,6670,707,3091 ,3232 
13,32,53349,1459,182.3,3077816,97.8,6645,708,2779 ,2699 
14,32,53589,1489,144.4,3218711,92.2,6557,709,1759 ,1519 
15,32,53619,1718,170.7,2823891,96.1,6485,710,2800 ,2770 
16,32,52598,1786,183.1,2968628,93.3,6524,711,2873 ,3893 
17,32,52495,1604,177.8,2815991,100.6,6422,712,2654 ,2758 
18,32,52050,1394,165.2,2998010,99.1,6427,713,2756 ,3200 
19,32,51926,1074,191.7,3036993,103.7,6370,714,2038 ,2162 
20,32,51787,937,172.7,3153755,102.6,6378,715,2600 ,2739 
21,32,52577,921,159.1,3380008,101.5,6363,716,2456 ,1665 
22,32,53062,1057,176.4,3047569,102.3,6454,717,3162 ,2677 
23,32,53547,1031,178.1,2884347,102.8,6427,718,2861 ,2376 
24,32,53868,1196,175.4,3666630,106.7,6546,719,3117 ,2796 
25,32,54014,542,168.7,3205000,112.3,6541,720,2771 ,2636 
26,32,54030,493,174.4,2866625,102.5,6462,721,2092 ,2066 
27,32,54470,525,185.3,2838127,105,6255,722,2815 ,2375 
28,32,53135,580,173,2860854,105.9,6106,723,2071 ,3406 
29,32,53487,604,167.5,2866200,103.8,6013,724,2325 ,1973 
30,32,52442,1037,184.6,2814223,108.6,5919,725,1961 ,3007 
31,32,52689,1141,192,2893924,101.1,5797,726,2987 ,2740 
32,32,52977,907,167.8,2864626,106.6,5704,727,1840 ,1553 
33,32,53026,812,176.2,3094187,107.4,5592,728,1857 ,1808 
34,32,53433,941,165.4,2812252,112.7,5471,729,2191 ,1839 
35,32,52919,1226,178.2,2833089,106.5,5375,730,2852 ,3310 
36,32,53247,1119,182.9,2905827,112.6,5242,731,2404 ,2077 
37,32,53089,982,169.7,2897976,118.8,5157,732,3329 ,3515 
38,32,52535,1530,154.8,3095954,119.5,5025,733,2510 ,3049 
39,32,52559,1496,182.6,2844543,116.8,4922,734,4015 ,4004 
40,32,52100,1836,182.9,2881239,115.7,4807,735,3828 ,4284 
41,32,52006,1223,165.2,2875625,110.1,4748,736,4187 ,4281 
42,32,52002,1203,178.1,2767901,100.9,4627,737,3715 ,3718 
43,32,51979,1367,180.5,2954315,107.8,4634,738,2343 ,2364 
44,32,52090,1898,168.2,2883178,107,4604,739,2931 ,2830 
1,33,52914,816,177.1,2595962,101.7,6186,696,3258 ,2798 
2,33,52335,1067,146.8,2700528,96.7,6051,697,2921 ,3362 
3,33,53660,1037,171.4,2559474,96.2,6022,698,3709 ,2338 
4,33,53659,990,168.6,2567461,102.9,5973,699,3236 ,3237 
5,33,52566,994,165.5,2528277,112.9,5982,700,3470 ,4606 
6,33,52550,987,158.1,2592286,106.4,6027,701,4165 ,4105 
7,33,53461,967,174.2,2590059,103.4,6039,702,4286 ,3592 
8,33,53795,937,168.9,2644376,104.3,6010,703,3003 ,2737 
9,33,53846,820,142.3,2766520,97.2,6060,704,2609 ,2322 
10,33,53815,887,167.2,2542112,100.2,6114,705,2513 ,2497 
11,33,53694,947,170.7,2448458,101.8,6061,706,2877 ,2911 
12,33,53282,1037,162.8,2802724,113.3,6087,707,3407 ,3795 
13,33,52878,842,175.5,2750050,103.2,5975,708,3180 ,3516 
14,33,53003,1035,139,2696318,96.9,5887,709,2842 ,2702 
15,33,52555,809,165.3,2628245,100,5798,710,3015 ,3589 
16,33,53411,773,176,2631693,109.8,5875,711,3477 ,2591 
17,33,53187,724,168.4,2574596,104.9,5791,712,3502 ,3650 
18,33,53027,655,156.2,2608769,107.2,5818,713,3186 ,3295 
19,33,53284,756,178.9,2700251,111.2,5832,714,3065 ,2833 
20,33,52795,921,161.7,2691279,112.9,5817,715,2616 ,3104 
21,33,52258,726,151.6,2817704,110.3,5793,716,4511 ,5053 
22,33,52123,723,169.7,2630647,108.9,5829,717,2154 ,2290 
23,33,52657,745,166.4,2534258,105.1,5762,718,2997 ,2674 
24,33,53088,614,164.4,2915495,121.5,5851,719,3252 ,2857 
25,33,53560,582,162,2993289,97.6,5805,720,3314 ,2703 
26,33,53062,683,167,2715587,104.5,5657,721,3146 ,3756 
27,33,52892,298,178.5,2714817,99.9,5480,722,2994 ,3145 
28,33,51355,231,159.4,2689642,102.5,5376,723,2597 ,4157 
29,33,51171,392,148.6,2620554,90.5,5294,724,3595 ,3827 
30,33,50824,374,168.4,2649079,107.8,5164,725,3523 ,3810 
31,33,51279,468,176.4,2717205,106.1,5061,726,3327 ,2875 
32,33,51407,533,155.1,2748316,104.6,4967,727,2418 ,2296 
33,33,51201,394,169.3,3048403,101.5,4893,728,3130 ,3359 
34,33,51366,451,148.5,2687797,108.2,4831,729,2853 ,2668 
35,33,51820,492,167.1,2747487,101.8,4741,730,2979 ,2582 
36,33,51708,288,170.4,2838982,97.3,4681,731,2621 ,2747 
37,33,52113,430,161.1,2850210,92.5,4614,732,2960 ,2585 
38,33,51660,630,142.5,2930021,98.5,4494,733,2076 ,2503 
39,33,51767,752,171.7,2882166,91.3,4397,734,3149 ,3038 
40,33,52304,683,172.8,2775989,93.1,4274,735,3824 ,3301 
41,33,52454,654,153.8,2825780,99,4232,736,4539 ,4399 
42,33,52391,734,174.7,2897705,97.3,4132,737,4261 ,4361 
43,33,52282,537,173.6,2851547,102.7,4183,738,3670 ,3754 
44,33,52523,579,163,2833339,99.6,4152,739,4438 ,4247 
1,0,,,188.5,4775935,100,,,,
2,0,,,158.5,4583613.001,101.9175455,,,,
3,0,,,182.1,3669462,100.1917546,,,,
4,0,,,182.6,3577360.999,102.6845638,,,,
5,0,,,178.3,3442552,103.1639501,,,,
6,0,,,172.7,3632249.999,103.7392138,,,,
7,0,,,184.6,3861917.001,103.2598274,,,,
8,0,,,177.7,3635022,104.4103547,,,,
9,0,,,155.8,4214534,101.8216683,,,,
10,0,,,182.1,3653532.999,103.1639501,,,,
11,0,,,188.3,3444159,101.2464046,,,,
12,0,,,173.8,4670734,99.90412272,,,,
13,0,,,186.5,5144407.999,100.2876318,,,,
14,0,,,149.9,4363421,98.08245446,,,,
15,0,,,174.9,3788916.999,99.61649089,,,,
16,0,,,188.1,3698506,101.5340364,,,,
17,0,,,182.1,3560890,100.8628955,,,,
18,0,,,169,3697597,101.8216683,,,,
19,0,,,190,3961627,104.0268456,,,,
20,0,,,169.3,3799714,102.3010547,,,,
21,0,,,163.4,4313857.001,103.5474593,,,,
22,0,,,179.5,3794588.001,102.5886865,,,,
23,0,,,180.5,3562492.999,103.2598274,,,,
24,0,,,178.2,4524199,106.903164,,,,
25,0,,,168.3,5098322.999,104.1227229,,,,
26,0,,,169.8,3749170,101.05465,,,,
27,0,,,185,3817219.001,105.5608821,,,,
28,0,,,169.9,3727412,99.13710451,,,,
29,0,,,157.4,3566471,91.27516779,,,,
30,0,,,177.7,3646704,98.94534995,,,,
31,0,,,184.2,3954663.999,101.2464046,,,,
32,0,,,160.3,3769410.999,101.5340364,,,,
33,0,,,176.4,4405555,105.0814957,,,,
34,0,,,163.4,3739682.001,104.4103547,,,,
35,0,,,178,3680945,104.8897411,,,,
36,0,,,181.8,4711782,107.8619367,,,,
37,0,,,170.8,4851097,106.232023,,,,
38,0,,,154,4605898,111.2176414,,,,
39,0,,,183.6,3937066.999,110.3547459,,,,
40,0,,,183.9,3904215,108.2454458,,,,
41,0,,,164.8,3766853,106.4237776,,,,
42,0,,,183.9,3876910.999,109.1083413,,,,
43,0,,,182.1,4382836.001,109.012464,,,,
44,0,,,166.5,3948550.001,108.5330777,,,,
